group,age
Kra-Dai,5.741455044991551
Kam-Tai,4.9646281175744456
Tai-Yay,3.072419926583934
Kra-Dai,7.8952031377499825
Kam-Tai,4.35154993410641
Tai-Yay,1.9921263141397016
Kra-Dai,11.72244297351517
Kam-Tai,4.398865721349111
Tai-Yay,1.9809248687568193
Kra-Dai,7.19294253641218
Kam-Tai,3.5183128343409167
Tai-Yay,1.904578952117057
Kra-Dai,4.070404991121144
Kam-Tai,2.4075381798958757
Tai-Yay,1.6465554074653417
Kra-Dai,5.834882341037737
Kam-Tai,2.79654346531053
Tai-Yay,1.767503506780045
Kra-Dai,5.3399768888597805
Kam-Tai,2.79124101828172
Tai-Yay,2.087863589423459
Kra-Dai,4.557772019966524
Kam-Tai,3.2428318690670777
Tai-Yay,1.546166363863557
Kra-Dai,5.570308583187224
Kam-Tai,2.3175715483827855
Tai-Yay,1.8491054838554266
Kra-Dai,4.238474510744427
Kam-Tai,3.0356883191360295
Tai-Yay,1.8932403527545008
Kra-Dai,5.261954605232667
Kam-Tai,3.1437842359000583
Tai-Yay,2.005375882566264
Kra-Dai,4.918749795772445
Kam-Tai,3.868544207373949
Tai-Yay,2.2119185566281216
Kra-Dai,5.073117885084505
Kam-Tai,3.360134563631847
Tai-Yay,2.425361219606934
Kra-Dai,3.7514009290634744
Kam-Tai,3.373715469004981
Tai-Yay,2.020934162992026
Kra-Dai,4.83356411253699
Kam-Tai,2.644042346474404
Tai-Yay,1.9500942386194091
Kra-Dai,5.546732225438382
Kam-Tai,3.337824465240686
Tai-Yay,2.208059293597882
Kra-Dai,3.8915449146119316
Kam-Tai,2.9249256370076626
Tai-Yay,2.234073780642494
Kra-Dai,5.547783894452065
Kam-Tai,4.358671741432667
Tai-Yay,2.272035777571057
Kra-Dai,5.5755815666226
Kam-Tai,4.468635955355922
Tai-Yay,3.6086264989247074
Kra-Dai,5.298859471041056
Kam-Tai,2.6378832146054094
Tai-Yay,2.2580725123445182
Kra-Dai,7.432460982245275
Kam-Tai,2.1460791132009733
Tai-Yay,1.7849225601805356
Kra-Dai,3.8495754264918323
Kam-Tai,2.5194226477022514
Tai-Yay,1.9391124259844272
Kra-Dai,4.998177571075613
Kam-Tai,2.538699020424392
Tai-Yay,2.257061366625957
Kra-Dai,5.920065729465691
Kam-Tai,2.5971840866259566
Tai-Yay,1.9205227113047276
Kra-Dai,3.8633749485855846
Kam-Tai,2.4441660543251005
Tai-Yay,1.589153825592562
Kra-Dai,3.987560671856825
Kam-Tai,2.2711823932082287
Tai-Yay,1.8144705145280233
Kra-Dai,3.1931374111692437
Kam-Tai,1.8695831601274127
Tai-Yay,1.452924232571965
Kra-Dai,5.620471538177209
Kam-Tai,3.3099190063066497
Tai-Yay,1.740219814770187
Kra-Dai,3.898020134375769
Kam-Tai,2.7240966793366357
Tai-Yay,2.1866393939510282
Kra-Dai,5.21177674838119
Kam-Tai,2.2605810167446423
Tai-Yay,1.906939573821977
Kra-Dai,6.089538587528974
Kam-Tai,4.557337351884754
Tai-Yay,2.361382382933694
Kra-Dai,3.72794007114619
Kam-Tai,2.0510892917955066
Tai-Yay,1.6101886587861043
Kra-Dai,3.9318835351709973
Kam-Tai,2.5576469273266826
Tai-Yay,2.306001603508272
Kra-Dai,5.498279855804458
Kam-Tai,2.817883729964909
Tai-Yay,1.7634390174959567
Kra-Dai,2.914220926206143
Kam-Tai,2.0154222591466424
Tai-Yay,1.689020122316213
Kra-Dai,3.3495159156895653
Kam-Tai,2.536067785558059
Tai-Yay,1.9543735692058324
Kra-Dai,3.6380487293118686
Kam-Tai,2.142248106373718
Tai-Yay,1.8150916135732131
Kra-Dai,4.638205386832403
Kam-Tai,2.0511464590218407
Tai-Yay,1.6181664311578654
Kra-Dai,4.980989171789158
Kam-Tai,2.6903001257517043
Tai-Yay,1.8241351406587198
Kra-Dai,4.194422764261939
Kam-Tai,2.681770609741623
Tai-Yay,2.11682216488381
Kra-Dai,3.993906303032389
Kam-Tai,2.058142365475334
Tai-Yay,1.487363404117557
Kra-Dai,3.514858580964631
Kam-Tai,3.16845615805088
Tai-Yay,2.0664227040251877
Kra-Dai,3.0718835495663748
Kam-Tai,3.0718835495663748
Tai-Yay,1.6677062474740518
Kra-Dai,6.439270517554496
Kam-Tai,2.2051533564005856
Tai-Yay,1.8213889438401374
Kra-Dai,4.531436017397102
Kam-Tai,2.5889934632514553
Tai-Yay,2.136682772328636
Kra-Dai,7.935818688808467
Kam-Tai,2.370337025201531
Tai-Yay,1.9872791138569337
Kra-Dai,5.657338091751108
Kam-Tai,2.4836088461975385
Tai-Yay,1.74827733307745
Kra-Dai,4.915314185748022
Kam-Tai,2.012689749477113
Tai-Yay,1.4796034233675632
Kra-Dai,5.26119946385293
Kam-Tai,2.000050327566902
Tai-Yay,1.5643169457700976
Kra-Dai,8.01083792474585
Kam-Tai,3.0853508257294626
Tai-Yay,1.825358860520172
Kra-Dai,4.969455702690065
Kam-Tai,4.053218020369076
Tai-Yay,2.5612198828397275
Kra-Dai,3.726118769848588
Kam-Tai,2.106499519310243
Tai-Yay,1.7416563798600577
Kra-Dai,4.370356266517486
Kam-Tai,3.2525326754162385
Tai-Yay,1.5704933125912741
Kra-Dai,7.127569279028603
Kam-Tai,3.7047987457323495
Tai-Yay,3.1294510985340755
Kra-Dai,4.380309195892151
Kam-Tai,2.861973631896748
Tai-Yay,2.0854310480632936
Kra-Dai,3.838419937951065
Kam-Tai,2.785569318933703
Tai-Yay,1.8400591590796618
Kra-Dai,4.813948385084285
Kam-Tai,2.6418756464391238
Tai-Yay,2.105658425779009
Kra-Dai,4.437157756446783
Kam-Tai,3.042215614638856
Tai-Yay,2.4122029496427007
Kra-Dai,2.6238851852391316
Kam-Tai,1.791278329983263
Tai-Yay,1.5056968059264006
Kra-Dai,3.1587786718519184
Kam-Tai,3.1587786718519184
Tai-Yay,2.065452920143351
Kra-Dai,5.269343418544378
Kam-Tai,3.462181585307432
Tai-Yay,1.9256958413765082
Kra-Dai,5.9358419723207865
Kam-Tai,2.421644784369655
Tai-Yay,1.6642656036618
Kra-Dai,5.2217801885163695
Kam-Tai,1.943548478390655
Tai-Yay,1.4336621066054152
Kra-Dai,4.4136401803193985
Kam-Tai,2.849987213629542
Tai-Yay,1.8436291824687991
Kra-Dai,4.209910767355042
Kam-Tai,2.553155268287262
Tai-Yay,1.9580672151471177
Kra-Dai,3.6544212623720407
Kam-Tai,3.1656414484535285
Tai-Yay,1.6925091475879939
Kra-Dai,5.443358683105439
Kam-Tai,2.5839404240110144
Tai-Yay,2.0702191176771874
Kra-Dai,3.2682348198606963
Kam-Tai,2.657248106026681
Tai-Yay,2.092105394524049
Kra-Dai,5.94070470840706
Kam-Tai,2.8276059226995875
Tai-Yay,2.2876898627961
Kra-Dai,5.077001131313814
Kam-Tai,3.034168313397528
Tai-Yay,2.0580423725061934
Kra-Dai,2.961918724897493
Kam-Tai,1.851541976884458
Tai-Yay,1.4375092290574667
Kra-Dai,2.9464063738956865
Kam-Tai,2.6244076642339667
Tai-Yay,2.0336963300676394
Kra-Dai,3.6425783521295916
Kam-Tai,2.553059820235938
Tai-Yay,2.008697827840914
Kra-Dai,3.5966244176780267
Kam-Tai,2.0483218664215173
Tai-Yay,1.8240761326450485
Kra-Dai,5.329680857069004
Kam-Tai,3.2194572276019184
Tai-Yay,1.7071153206859648
Kra-Dai,6.2591868988726365
Kam-Tai,1.8489810864750416
Tai-Yay,1.5710004038234757
Kra-Dai,5.120186750603369
Kam-Tai,3.802990008197284
Tai-Yay,2.1773559772556923
Kra-Dai,5.815901292806741
Kam-Tai,3.8238692909421337
Tai-Yay,2.2181392865259615
Kra-Dai,6.909562231666311
Kam-Tai,3.0143661385136733
Tai-Yay,1.8639171412212265
Kra-Dai,8.669676212105815
Kam-Tai,2.8620416411723735
Tai-Yay,1.8707292920567937
Kra-Dai,7.978554018789224
Kam-Tai,2.347981204959855
Tai-Yay,1.9961867892374725
Kra-Dai,3.1984417535402545
Kam-Tai,1.9184708023524444
Tai-Yay,1.325933300137948
Kra-Dai,3.441203503423894
Kam-Tai,2.181633245608232
Tai-Yay,1.895785953693801
Kra-Dai,4.4488770675706855
Kam-Tai,2.7406248487887233
Tai-Yay,2.0541587783155824
Kra-Dai,6.162619550723076
Kam-Tai,4.435151937621032
Tai-Yay,2.2431608502320297
Kra-Dai,3.881402227863979
Kam-Tai,3.0680846310124372
Tai-Yay,1.703127982154582
Kra-Dai,5.5007055558398
Kam-Tai,2.932837371264776
Tai-Yay,2.3307425440704255
Kra-Dai,8.984595457107444
Kam-Tai,5.7330597564860915
Tai-Yay,2.546927518641235
Kra-Dai,5.500775514459802
Kam-Tai,4.182634439249954
Tai-Yay,2.373059810462474
Kra-Dai,8.563575463232446
Kam-Tai,5.523800425562873
Tai-Yay,2.827545417922887
Kra-Dai,6.651502944281547
Kam-Tai,2.132387994818565
Tai-Yay,1.8493012301865255
Kra-Dai,6.954887539877527
Kam-Tai,4.1946115373900055
Tai-Yay,2.365946161321375
Kra-Dai,6.14638261849956
Kam-Tai,4.135605181465524
Tai-Yay,2.749415547361204
Kra-Dai,5.9493978900565665
Kam-Tai,2.844861699182163
Tai-Yay,1.5368375504228133
Kra-Dai,5.213348299035714
Kam-Tai,2.1643626532178253
Tai-Yay,1.5895672262972287
Kra-Dai,4.5160210397329825
Kam-Tai,3.064751866725316
Tai-Yay,1.7932360641250304
Kra-Dai,5.2520690017006695
Kam-Tai,2.2569854105773275
Tai-Yay,1.9729883031634419
Kra-Dai,4.251072108598325
Kam-Tai,3.0387177755313717
Tai-Yay,2.20540634713357
Kra-Dai,4.322557502816707
Kam-Tai,3.2142367718608646
Tai-Yay,2.2784949865055406
Kra-Dai,5.507852485637382
Kam-Tai,2.6955278581447866
Tai-Yay,2.00973761855185
Kra-Dai,6.752100183107708
Kam-Tai,3.4265269914391117
Tai-Yay,1.8319977122396978
Kra-Dai,9.496129232734313
Kam-Tai,3.644084603526368
Tai-Yay,2.673489777617105
Kra-Dai,10.766253835732638
Kam-Tai,4.261004012434915
Tai-Yay,3.2828934253768587
Kra-Dai,4.7823384131277695
Kam-Tai,2.439523765434857
Tai-Yay,2.030828377251451
Kra-Dai,4.748865804420173
Kam-Tai,2.366412739872369
Tai-Yay,1.698270086143673
Kra-Dai,4.756074841867506
Kam-Tai,3.0910385749411735
Tai-Yay,2.3540412378032727
Kra-Dai,6.775328462368801
Kam-Tai,3.723069747902555
Tai-Yay,1.9371894459146715
Kra-Dai,5.446243084276144
Kam-Tai,3.298295933507698
Tai-Yay,1.8851784280131545
Kra-Dai,3.9575105514116506
Kam-Tai,2.830108436607643
Tai-Yay,1.7907453534117748
Kra-Dai,4.887616067290031
Kam-Tai,2.9627686920867897
Tai-Yay,1.9834045068668749
Kra-Dai,4.904434788847409
Kam-Tai,3.1323514503143435
Tai-Yay,2.1705226684735375
Kra-Dai,5.052614537655876
Kam-Tai,3.2869046947895617
Tai-Yay,1.6644792484376563
Kra-Dai,7.224615341126784
Kam-Tai,3.318464995125776
Tai-Yay,2.6570156043736493
Kra-Dai,5.168805054016711
Kam-Tai,2.4442723504981196
Tai-Yay,2.2157055728476025
Kra-Dai,3.924236198262994
Kam-Tai,2.4788826279530003
Tai-Yay,2.0102042321595306
Kra-Dai,4.108005245565024
Kam-Tai,2.2606921013681283
Tai-Yay,1.637030437594948
Kra-Dai,5.140646802579593
Kam-Tai,3.2760901829978115
Tai-Yay,2.022020086153924
Kra-Dai,7.010425665058616
Kam-Tai,2.253608078642343
Tai-Yay,1.9075376092989025
Kra-Dai,4.355312400761809
Kam-Tai,2.630147103499954
Tai-Yay,1.7994183381725737
Kra-Dai,6.6858584436313215
Kam-Tai,2.5265536406648934
Tai-Yay,2.0376987791935806
Kra-Dai,6.001408384698843
Kam-Tai,3.702500157409625
Tai-Yay,2.207574437573517
Kra-Dai,6.700087505497094
Kam-Tai,6.118895622324534
Tai-Yay,3.034855966246603
Kra-Dai,3.465956337388769
Kam-Tai,2.825527241518645
Tai-Yay,2.2576709462176994
Kra-Dai,5.1608524034425205
Kam-Tai,3.4346707972949484
Tai-Yay,2.000083516477236
Kra-Dai,5.746161363908222
Kam-Tai,3.223707014306965
Tai-Yay,1.7384819300721226
Kra-Dai,4.1422154980909855
Kam-Tai,2.0536796960878063
Tai-Yay,1.5314955217664652
Kra-Dai,4.7798557159685275
Kam-Tai,3.29333264739789
Tai-Yay,2.266117423062674
Kra-Dai,5.993513264221521
Kam-Tai,3.6089257917256465
Tai-Yay,1.9037532889501874
Kra-Dai,6.181382837002301
Kam-Tai,2.573287391850254
Tai-Yay,1.5060722689362223
Kra-Dai,5.031482130971628
Kam-Tai,3.4339075289938346
Tai-Yay,1.7476852298418333
Kra-Dai,8.610645167697783
Kam-Tai,3.8954525969561926
Tai-Yay,3.046439526559147
Kra-Dai,7.296649994175448
Kam-Tai,2.3435224493649294
Tai-Yay,1.7899242396765036
Kra-Dai,6.944514517271281
Kam-Tai,2.9248429572949037
Tai-Yay,2.0532604455088306
Kra-Dai,5.344120673001524
Kam-Tai,2.2219978745462767
Tai-Yay,1.9757233087960362
Kra-Dai,3.094353490186897
Kam-Tai,1.7788124372678018
Tai-Yay,1.2028175415532507
Kra-Dai,5.208161687070037
Kam-Tai,2.6653340149173372
Tai-Yay,1.7446442972004812
Kra-Dai,4.5255149058679365
Kam-Tai,2.61124959983744
Tai-Yay,1.6573443533289272
Kra-Dai,5.967119983975649
Kam-Tai,3.1062836275874597
Tai-Yay,2.2327827536221156
Kra-Dai,5.190307834405262
Kam-Tai,2.5284545626427297
Tai-Yay,2.0438186509127596
Kra-Dai,4.263365406560858
Kam-Tai,3.9683173283205226
Tai-Yay,2.1188463428741326
Kra-Dai,4.04098035189154
Kam-Tai,3.0982920217040957
Tai-Yay,2.146784275558953
Kra-Dai,6.31058186322265
Kam-Tai,3.473475622583716
Tai-Yay,1.8256646416501727
Kra-Dai,6.113894952715978
Kam-Tai,2.999793887794083
Tai-Yay,1.7903933258341471
Kra-Dai,4.789057848168661
Kam-Tai,2.817862897694808
Tai-Yay,1.4244573191115117
Kra-Dai,3.5256018798685025
Kam-Tai,2.306358623156268
Tai-Yay,1.3670859485447018
Kra-Dai,5.851225314375506
Kam-Tai,3.4858607383547753
Tai-Yay,1.7955592956411088
Kra-Dai,7.890761344929384
Kam-Tai,2.444052109082395
Tai-Yay,1.5338076708558512
Kra-Dai,5.62267775920224
Kam-Tai,2.7800469163707096
Tai-Yay,1.9476721078630286
Kra-Dai,6.8776226083733
Kam-Tai,3.9081835237153375
Tai-Yay,1.6849230007519571
Kra-Dai,6.058475354548029
Kam-Tai,2.685780034826759
Tai-Yay,1.7665915447524503
Kra-Dai,5.463705441260527
Kam-Tai,3.74862210255076
Tai-Yay,2.702769133054516
Kra-Dai,5.214554584387171
Kam-Tai,2.344005522145591
Tai-Yay,1.8975284685055493
Kra-Dai,8.934487703093101
Kam-Tai,3.160456567852183
Tai-Yay,2.0563863155052777
Kra-Dai,5.305625436350369
Kam-Tai,2.549238752070964
Tai-Yay,1.9353711422264004
Kra-Dai,4.9756722859851985
Kam-Tai,2.545466380470334
Tai-Yay,1.5740795145292994
Kra-Dai,5.737233437584733
Kam-Tai,2.733291786715788
Tai-Yay,1.7376039823068106
Kra-Dai,3.839329064857658
Kam-Tai,2.545005419702479
Tai-Yay,1.6297247208382042
Kra-Dai,5.494037706925286
Kam-Tai,3.2097375647362765
Tai-Yay,1.976417485357048
Kra-Dai,4.489144661778682
Kam-Tai,2.6613900152573313
Tai-Yay,1.7664927748150658
Kra-Dai,4.823781823195421
Kam-Tai,2.271357974618871
Tai-Yay,1.5754745049016643
Kra-Dai,3.6456107075099777
Kam-Tai,2.298975560239913
Tai-Yay,1.6327848400819938
Kra-Dai,4.957113390181109
Kam-Tai,3.697129306379281
Tai-Yay,2.0185658507689657
Kra-Dai,2.612719284699626
Kam-Tai,2.025613708841124
Tai-Yay,1.7143440192518808
Kra-Dai,3.8887899072156675
Kam-Tai,2.727084522280931
Tai-Yay,1.7381562190475202
Kra-Dai,3.408649475395478
Kam-Tai,2.3157059920448098
Tai-Yay,1.8060712691722367
Kra-Dai,4.533765125502129
Kam-Tai,3.375569718246241
Tai-Yay,2.7002003850674723
Kra-Dai,3.874535985357818
Kam-Tai,3.874535985357818
Tai-Yay,2.666290360846411
Kra-Dai,4.1948913564808485
Kam-Tai,2.76189918050611
Tai-Yay,1.9602083489662574
Kra-Dai,4.896215674485406
Kam-Tai,3.727110683046482
Tai-Yay,2.4646831522758155
Kra-Dai,6.131765782641692
Kam-Tai,3.733338071101137
Tai-Yay,2.6101877022811224
Kra-Dai,5.928994665114649
Kam-Tai,5.334920627203872
Tai-Yay,2.222720180280938
Kra-Dai,7.465315015761135
Kam-Tai,5.000905189622545
Tai-Yay,2.8115432760640697
Kra-Dai,4.739597682118632
Kam-Tai,4.596649194478286
Tai-Yay,2.149213181947108
Kra-Dai,4.863425021862138
Kam-Tai,2.668812675200842
Tai-Yay,1.8997025969423853
Kra-Dai,5.36918425549124
Kam-Tai,3.1938972055230823
Tai-Yay,1.9002441290371168
Kra-Dai,3.7693838282707275
Kam-Tai,2.149098308695637
Tai-Yay,1.4961734189890445
Kra-Dai,3.5828955615844
Kam-Tai,2.0524183106492986
Tai-Yay,1.3882127787784295
Kra-Dai,6.754466063141919
Kam-Tai,2.533220094041228
Tai-Yay,1.497604503798983
Kra-Dai,6.136297894272578
Kam-Tai,3.3578784226901086
Tai-Yay,2.377923174677481
Kra-Dai,6.482305631202835
Kam-Tai,2.063060954022263
Tai-Yay,1.549486368500113
Kra-Dai,6.5892887585988245
Kam-Tai,3.7900675923766722
Tai-Yay,3.0570474654355966
Kra-Dai,4.0215859612827
Kam-Tai,2.8832554756282414
Tai-Yay,1.7894506861905333
Kra-Dai,3.3622375632723536
Kam-Tai,2.280430337426747
Tai-Yay,1.8886749463195645
Kra-Dai,3.749937600096443
Kam-Tai,1.7791773194753608
Tai-Yay,1.4142396288067625
Kra-Dai,2.699128316415337
Kam-Tai,2.1982174399506147
Tai-Yay,1.8361505031781513
Kra-Dai,4.396032109123749
Kam-Tai,2.9881540035536367
Tai-Yay,2.366239354443446
Kra-Dai,4.756795386099889
Kam-Tai,2.651888161637261
Tai-Yay,2.0171588416141293
Kra-Dai,3.6882572584478277
Kam-Tai,2.834572210800007
Tai-Yay,2.247514409812309
Kra-Dai,3.722294477088007
Kam-Tai,2.1648355828898316
Tai-Yay,1.544215424543641
Kra-Dai,4.146582402120477
Kam-Tai,4.146582402120477
Tai-Yay,1.908173611448977
Kra-Dai,3.2831104818699193
Kam-Tai,2.5129750625095486
Tai-Yay,2.286878849901809
Kra-Dai,3.1189511597413944
Kam-Tai,3.1189511597413944
Tai-Yay,2.0415951634233322
Kra-Dai,2.2795478501083455
Kam-Tai,2.040660100007872
Tai-Yay,1.5213780633594243
Kra-Dai,2.6740614339989306
Kam-Tai,2.625915484044862
Tai-Yay,1.7165989986424663
Kra-Dai,2.311973391390396
Kam-Tai,2.083274144986414
Tai-Yay,1.2241698999365596
Kra-Dai,2.563529887758709
Kam-Tai,2.563529887758709
Tai-Yay,1.7810293881816504
Kra-Dai,3.714248854563041
Kam-Tai,3.1321759624720027
Tai-Yay,2.3988431555703165
Kra-Dai,3.6550658990820213
Kam-Tai,2.2322158640629595
Tai-Yay,1.715547812947684
Kra-Dai,4.529719495278296
Kam-Tai,2.3095937852982176
Tai-Yay,1.6029345903339172
Kra-Dai,5.959087842777093
Kam-Tai,4.38246484421692
Tai-Yay,2.34546810793287
Kra-Dai,5.636051421431336
Kam-Tai,3.6798418725589497
Tai-Yay,1.6827459438928916
Kra-Dai,3.757496852129451
Kam-Tai,2.1890242842848258
Tai-Yay,1.4725624062536764
Kra-Dai,3.964224558423295
Kam-Tai,2.6368341167582643
Tai-Yay,1.9518519598791642
Kra-Dai,2.9633229785490984
Kam-Tai,1.7671502226635063
Tai-Yay,1.4261627875769873
Kra-Dai,3.6665743856686683
Kam-Tai,2.829635099564435
Tai-Yay,2.4673487055995666
Kra-Dai,3.3320591594000377
Kam-Tai,2.849688814312656
Tai-Yay,1.413866118767335
Kra-Dai,5.394583254270873
Kam-Tai,2.510165486593264
Tai-Yay,1.7996917094872442
Kra-Dai,6.247314984180816
Kam-Tai,3.2885361017666797
Tai-Yay,2.257762809131955
Kra-Dai,5.9043380832080095
Kam-Tai,4.48326438538096
Tai-Yay,3.571413808860774
Kra-Dai,3.105132034179968
Kam-Tai,2.1716561369486085
Tai-Yay,1.6758944446361872
Kra-Dai,5.88624667306261
Kam-Tai,3.3940413920442043
Tai-Yay,2.0052851717311047
Kra-Dai,4.547827439303865
Kam-Tai,2.6923562674684542
Tai-Yay,2.3621813103007825
Kra-Dai,6.956602040482515
Kam-Tai,4.4199666388701075
Tai-Yay,2.725187915629464
Kra-Dai,3.832402160288493
Kam-Tai,2.3055337492800296
Tai-Yay,1.4666412055195903
Kra-Dai,5.144735546865096
Kam-Tai,2.785236784692226
Tai-Yay,2.144421328148036
Kra-Dai,4.105174285460906
Kam-Tai,3.4353135080266903
Tai-Yay,2.4354068670366167
Kra-Dai,3.243436051834602
Kam-Tai,2.09821944687992
Tai-Yay,1.5843072774271871
Kra-Dai,5.397871976960665
Kam-Tai,4.568185043520457
Tai-Yay,1.9991109293798863
Kra-Dai,6.362486472975424
Kam-Tai,3.8335768181682432
Tai-Yay,2.302351681909353
Kra-Dai,5.21896579895276
Kam-Tai,2.6517653193874584
Tai-Yay,1.5175963350275108
Kra-Dai,4.712888644809408
Kam-Tai,2.382695138207666
Tai-Yay,1.398544947209313
Kra-Dai,7.919863798795556
Kam-Tai,3.0339438187433405
Tai-Yay,1.7587951156589057
Kra-Dai,6.088597897863906
Kam-Tai,2.8389289143621315
Tai-Yay,1.7256642490573446
Kra-Dai,4.6477796962586595
Kam-Tai,2.306431744236212
Tai-Yay,1.44792035549042
Kra-Dai,5.037144416195745
Kam-Tai,3.374497376785514
Tai-Yay,2.1931882802545855
Kra-Dai,6.872888866060907
Kam-Tai,2.692002490536562
Tai-Yay,1.6523456949179733
Kra-Dai,4.042745213541495
Kam-Tai,3.1901660633197597
Tai-Yay,1.809495356007064
Kra-Dai,5.218320895404104
Kam-Tai,2.6971755535822526
Tai-Yay,1.563962868289401
Kra-Dai,4.853434870531931
Kam-Tai,2.3942807668135444
Tai-Yay,1.8314571185371733
Kra-Dai,7.686094438685158
Kam-Tai,3.5560040524746004
Tai-Yay,2.5749813808982367
Kra-Dai,6.158954578781252
Kam-Tai,3.5651101613569236
Tai-Yay,1.8736268117800359
Kra-Dai,3.3655928853873287
Kam-Tai,2.6059169424293565
Tai-Yay,2.2989494619664774
Kra-Dai,3.647672864563593
Kam-Tai,2.339951648653734
Tai-Yay,1.6525945981812016
Kra-Dai,5.405083785450747
Kam-Tai,2.918120921948542
Tai-Yay,1.8790814669990366
Kra-Dai,9.23389632454234
Kam-Tai,3.7101556298597957
Tai-Yay,2.3466193408822225
Kra-Dai,7.781489061798905
Kam-Tai,3.88404601152169
Tai-Yay,2.0643070446767613
Kra-Dai,5.461510650363354
Kam-Tai,2.7541715846066945
Tai-Yay,1.9447744720888132
Kra-Dai,4.036849108442461
Kam-Tai,2.0669311619607122
Tai-Yay,1.7667037007475703
Kra-Dai,8.265187336789637
Kam-Tai,3.144368320155662
Tai-Yay,2.5421219071136534
Kra-Dai,5.888904601688759
Kam-Tai,3.0923719895363675
Tai-Yay,2.1197573102192795
Kra-Dai,4.882233555585658
Kam-Tai,2.4264444847801037
Tai-Yay,1.921863815101922
Kra-Dai,3.640336813903062
Kam-Tai,2.237387057468012
Tai-Yay,1.4261069069976688
Kra-Dai,3.4861113017604892
Kam-Tai,2.5977442729426117
Tai-Yay,2.136657191246255
Kra-Dai,4.019887959375577
Kam-Tai,1.8740899211084905
Tai-Yay,1.4246228983702753
Kra-Dai,4.688636592532608
Kam-Tai,2.764022566584598
Tai-Yay,1.7582707556998058
Kra-Dai,4.865090033037364
Kam-Tai,2.1509158509719364
Tai-Yay,1.7778022230140191
Kra-Dai,5.5717792911775685
Kam-Tai,3.6554251953200683
Tai-Yay,2.615826495748115
Kra-Dai,4.759900217423738
Kam-Tai,2.0087320276012566
Tai-Yay,1.4576840914612506
Kra-Dai,3.0721506630662834
Kam-Tai,1.8925249049538122
Tai-Yay,1.680770423167145
Kra-Dai,5.767247041657871
Kam-Tai,3.1119057519128295
Tai-Yay,1.6541694995718492
Kra-Dai,8.185987338594858
Kam-Tai,3.2301134968736944
Tai-Yay,2.381656495173023
Kra-Dai,7.092227645444399
Kam-Tai,2.934423546703475
Tai-Yay,1.928014270273576
Kra-Dai,7.167112316453139
Kam-Tai,3.818523871616971
Tai-Yay,2.462409123805637
Kra-Dai,4.6738755002061705
Kam-Tai,3.069934431400544
Tai-Yay,2.391389209048745
Kra-Dai,4.4381759826071745
Kam-Tai,3.3657294165237563
Tai-Yay,1.9654502145921526
Kra-Dai,7.6572064629246706
Kam-Tai,4.391894320045669
Tai-Yay,2.7055406035473606
Kra-Dai,5.837245060911737
Kam-Tai,3.628334483605773
Tai-Yay,2.1663567485158426
Kra-Dai,3.7870746789700553
Kam-Tai,2.3334920193636526
Tai-Yay,1.4954716992989145
Kra-Dai,6.30730504610422
Kam-Tai,3.7349767778260947
Tai-Yay,2.139086924845939
Kra-Dai,5.587580933115949
Kam-Tai,2.9392311997680984
Tai-Yay,1.7377452319334692
Kra-Dai,4.701892209684397
Kam-Tai,2.7584664626083506
Tai-Yay,1.9944033006028805
Kra-Dai,5.261913045989439
Kam-Tai,2.73175131292351
Tai-Yay,1.5468262249971456
Kra-Dai,5.712972744989954
Kam-Tai,3.334280664680175
Tai-Yay,2.5909071578929237
Kra-Dai,7.004370056966085
Kam-Tai,2.9316676223413447
Tai-Yay,2.3993739317681992
Kra-Dai,4.584544440997055
Kam-Tai,2.6196362649700013
Tai-Yay,1.6244342779293408
Kra-Dai,5.8737259035818505
Kam-Tai,3.2298859394362047
Tai-Yay,2.541819424783251
Kra-Dai,5.898296519786976
Kam-Tai,2.693864687153707
Tai-Yay,2.0680790854222737
Kra-Dai,5.9216418998240945
Kam-Tai,4.022654416614058
Tai-Yay,2.3345720569310173
Kra-Dai,6.555158875708022
Kam-Tai,3.5947074858018873
Tai-Yay,2.109776321860023
Kra-Dai,5.711420706828981
Kam-Tai,2.1708050460226263
Tai-Yay,1.4341891459388991
Kra-Dai,4.308347666379407
Kam-Tai,2.312472704627598
Tai-Yay,1.9272363659962735
Kra-Dai,5.680173775650237
Kam-Tai,2.4264544738266998
Tai-Yay,1.51115689836384
Kra-Dai,4.754224060660817
Kam-Tai,3.249527347479426
Tai-Yay,2.0999173436614638
Kra-Dai,6.21459440758
Kam-Tai,3.088360643422954
Tai-Yay,1.6791629568727515
Kra-Dai,4.6400743689690955
Kam-Tai,1.9400811157072804
Tai-Yay,1.4389056155864588
Kra-Dai,5.755002514864687
Kam-Tai,2.714151354690006
Tai-Yay,1.8195548823368632
Kra-Dai,3.5661724052672144
Kam-Tai,2.413876516357943
Tai-Yay,1.9276351605698019
Kra-Dai,3.941201218673087
Kam-Tai,2.6818274267534776
Tai-Yay,1.7404615876497158
Kra-Dai,3.9992846209633224
Kam-Tai,2.3744955576839297
Tai-Yay,1.6606501611088964
Kra-Dai,4.485636738203573
Kam-Tai,3.2061149395942286
Tai-Yay,2.5645086998426594
Kra-Dai,8.936946062190549
Kam-Tai,5.932367471732018
Tai-Yay,2.4446998244430302
Kra-Dai,5.18608759052835
Kam-Tai,2.3041312073354923
Tai-Yay,1.8996098997426465
Kra-Dai,8.712869732443448
Kam-Tai,3.4016771268043104
Tai-Yay,2.158026653807063
Kra-Dai,7.272127797177544
Kam-Tai,4.165507251770163
Tai-Yay,2.6967676553293805
Kra-Dai,4.348862637489256
Kam-Tai,2.48184407469187
Tai-Yay,2.0616712120054026
Kra-Dai,7.463221897725088
Kam-Tai,3.139524296326769
Tai-Yay,1.9130210150674412
Kra-Dai,5.481864252048498
Kam-Tai,3.0354024894836362
Tai-Yay,1.8173090055857948
Kra-Dai,7.588770112084223
Kam-Tai,4.000602100501803
Tai-Yay,2.604871442309296
Kra-Dai,7.402405981214812
Kam-Tai,3.17367448243482
Tai-Yay,2.2464319925310985
Kra-Dai,8.897537313145909
Kam-Tai,3.59992537741308
Tai-Yay,2.7087333385004317
Kra-Dai,4.276224161670332
Kam-Tai,2.4813750783250006
Tai-Yay,1.8669784611391247
Kra-Dai,5.990440875587482
Kam-Tai,3.003807488247429
Tai-Yay,2.2160354183604283
Kra-Dai,7.514241655705414
Kam-Tai,2.195026475060617
Tai-Yay,1.6409142826440055
Kra-Dai,4.738695459074305
Kam-Tai,2.4134155523206178
Tai-Yay,1.4905426686587795
Kra-Dai,4.879221143257643
Kam-Tai,2.487627330352925
Tai-Yay,1.8532173595933434
Kra-Dai,6.652991018259033
Kam-Tai,5.161086717694824
Tai-Yay,2.2742356070201497
Kra-Dai,4.303375487463381
Kam-Tai,2.386173190814577
Tai-Yay,1.5217240598026387
Kra-Dai,5.906444349171746
Kam-Tai,4.0426620302979215
Tai-Yay,2.1368759058539886
Kra-Dai,6.367199902220857
Kam-Tai,2.4516229905036115
Tai-Yay,1.5744880422599348
Kra-Dai,3.5407573420928244
Kam-Tai,1.6878402280513658
Tai-Yay,1.440035947196404
Kra-Dai,5.202295014195974
Kam-Tai,3.3951342057759852
Tai-Yay,2.3819539333837003
Kra-Dai,3.6089340611480676
Kam-Tai,1.8614596512254762
Tai-Yay,1.2157231303354452
Kra-Dai,5.704767373808893
Kam-Tai,3.648116112074303
Tai-Yay,2.438121413965238
Kra-Dai,3.406658387493813
Kam-Tai,2.4409785284566654
Tai-Yay,1.9696892983238496
Kra-Dai,5.773226715023296
Kam-Tai,2.9685695564639567
Tai-Yay,2.3498323004600716
Kra-Dai,6.138197716166136
Kam-Tai,3.2886825327144287
Tai-Yay,2.833234627587519
Kra-Dai,5.873019843223244
Kam-Tai,3.8500580097752257
Tai-Yay,2.344213087897318
Kra-Dai,4.952037361261232
Kam-Tai,2.267398051813658
Tai-Yay,1.9235823029050119
Kra-Dai,5.502308132835898
Kam-Tai,2.269661706425143
Tai-Yay,1.9633593454646996
Kra-Dai,5.896198898581791
Kam-Tai,2.9016357753867212
Tai-Yay,1.6000425346601768
Kra-Dai,8.209304928754678
Kam-Tai,2.256040195923415
Tai-Yay,1.629474460949477
Kra-Dai,5.268430402618894
Kam-Tai,2.748320850069635
Tai-Yay,2.071764588075088
Kra-Dai,6.158369870049588
Kam-Tai,4.203800195128836
Tai-Yay,2.3032564101263864
Kra-Dai,6.631002416399566
Kam-Tai,2.387995030332225
Tai-Yay,2.245987417859048
Kra-Dai,6.247266843251794
Kam-Tai,3.256096393647919
Tai-Yay,2.4625310526095903
Kra-Dai,4.394173127829194
Kam-Tai,2.1105505791020343
Tai-Yay,1.6664222190295348
Kra-Dai,3.9638065881954194
Kam-Tai,2.796165948689157
Tai-Yay,1.5960248238876575
Kra-Dai,4.691961095559973
Kam-Tai,3.3832533641512135
Tai-Yay,2.4180169454049087
Kra-Dai,4.385210766702215
Kam-Tai,3.0890423341498874
Tai-Yay,1.924998518918068
Kra-Dai,3.8447388607200033
Kam-Tai,2.0698143890416643
Tai-Yay,1.66772155212586
Kra-Dai,5.235574934542228
Kam-Tai,2.550116625234227
Tai-Yay,1.9304081500573878
Kra-Dai,4.099823776601936
Kam-Tai,2.0995429393538148
Tai-Yay,1.9299228304479596
Kra-Dai,6.7935834168555065
Kam-Tai,4.21379244176575
Tai-Yay,2.5089713962421403
Kra-Dai,9.16323746232955
Kam-Tai,3.920271462527513
Tai-Yay,2.8494200116150026
Kra-Dai,4.81722221604556
Kam-Tai,3.115229940763912
Tai-Yay,1.923379262352813
Kra-Dai,4.601871678891272
Kam-Tai,2.683804941742622
Tai-Yay,1.8628732638388588
Kra-Dai,5.078128747822516
Kam-Tai,3.188895195051107
Tai-Yay,1.883805322783298
Kra-Dai,5.181633684245038
Kam-Tai,2.0428171728423608
Tai-Yay,1.6226572922217724
Kra-Dai,2.7541256148518167
Kam-Tai,2.7541256148518167
Tai-Yay,1.786206163920898
Kra-Dai,3.902704334989274
Kam-Tai,3.902704334989274
Tai-Yay,1.7202001473872084
Kra-Dai,6.26335752570649
Kam-Tai,4.363013246130751
Tai-Yay,1.8439279161128015
Kra-Dai,4.347498519997546
Kam-Tai,4.347498519997546
Tai-Yay,1.4113915865271491
Kra-Dai,3.1308792271401567
Kam-Tai,3.1308792271401567
Tai-Yay,2.099921383918172
Kra-Dai,3.8763539963315305
Kam-Tai,2.76936546938019
Tai-Yay,1.757719367310759
Kra-Dai,4.0865307247702685
Kam-Tai,2.0723553149724863
Tai-Yay,1.5810973240877688
Kra-Dai,4.109078058204568
Kam-Tai,2.3613060049256145
Tai-Yay,1.5843501171734076
Kra-Dai,2.9297101441191984
Kam-Tai,2.259025654355375
Tai-Yay,1.8940959590508086
Kra-Dai,2.8664247008534285
Kam-Tai,2.1144569309817567
Tai-Yay,1.3617512396394742
Kra-Dai,5.461897950774041
Kam-Tai,2.1985185220002608
Tai-Yay,1.5909408196402377
Kra-Dai,9.003306258190152
Kam-Tai,3.034078263073959
Tai-Yay,2.2400778026480292
Kra-Dai,8.20506277923683
Kam-Tai,4.216437603709574
Tai-Yay,2.975486223190991
Kra-Dai,4.183501793068106
Kam-Tai,2.6597251750292905
Tai-Yay,1.838438529109835
Kra-Dai,4.18780160720977
Kam-Tai,4.18780160720977
Tai-Yay,1.5174250803587932
Kra-Dai,3.2775178021303257
Kam-Tai,2.1148074271473196
Tai-Yay,1.7080964959775107
Kra-Dai,3.325650893917995
Kam-Tai,1.8969425483537132
Tai-Yay,1.774408395172278
Kra-Dai,4.304187781699146
Kam-Tai,2.791104350355087
Tai-Yay,1.7808486306223354
Kra-Dai,2.7179418920980436
Kam-Tai,1.597340240847495
Tai-Yay,1.4224790132276426
Kra-Dai,3.5659871314108242
Kam-Tai,2.0787486943975564
Tai-Yay,1.5751857737295782
Kra-Dai,3.1422325528065596
Kam-Tai,2.137165540938795
Tai-Yay,1.6639848347721495
Kra-Dai,3.471181345537471
Kam-Tai,2.0553940800466517
Tai-Yay,1.7370003630276534
Kra-Dai,5.098375583774546
Kam-Tai,3.0479523886516855
Tai-Yay,1.8133207385466177
Kra-Dai,2.788126091417132
Kam-Tai,2.158969927033158
Tai-Yay,1.7981663029687498
Kra-Dai,4.4325726670745
Kam-Tai,3.044657933710344
Tai-Yay,2.162978997007688
Kra-Dai,4.470633466232163
Kam-Tai,2.973651363458465
Tai-Yay,2.0632965914524743
Kra-Dai,4.649265432576688
Kam-Tai,3.155139845283271
Tai-Yay,1.722412640671279
Kra-Dai,6.742996900691251
Kam-Tai,3.3503789634139385
Tai-Yay,2.837196214959221
Kra-Dai,6.050297705894749
Kam-Tai,2.9247020193208915
Tai-Yay,1.9468993680362452
Kra-Dai,3.9263443639938385
Kam-Tai,3.9263443639938385
Tai-Yay,1.9743496577808402
Kra-Dai,3.253478214018949
Kam-Tai,2.2862237710821653
Tai-Yay,1.9724776003175684
Kra-Dai,4.2180188458003425
Kam-Tai,2.4659700500361983
Tai-Yay,1.5869042216767344
Kra-Dai,3.9633005934247167
Kam-Tai,2.163957743943339
Tai-Yay,1.762346868158562
Kra-Dai,3.932598875931441
Kam-Tai,2.9143001396240136
Tai-Yay,1.8789116331564992
Kra-Dai,3.7149171136214045
Kam-Tai,3.6119548323036024
Tai-Yay,1.8399106139425903
Kra-Dai,4.36266019624587
Kam-Tai,2.2449333105730758
Tai-Yay,1.6844829738907352
Kra-Dai,5.599709935072858
Kam-Tai,2.6408111104505276
Tai-Yay,1.9840534512441028
Kra-Dai,4.000255480616458
Kam-Tai,2.712131737728544
Tai-Yay,2.405949410396544
Kra-Dai,3.5125544658927894
Kam-Tai,3.5125544658927894
Tai-Yay,2.0867364941544806
Kra-Dai,3.7712088411870726
Kam-Tai,2.857799951745647
Tai-Yay,2.0116277706017516
Kra-Dai,4.257280371400258
Kam-Tai,2.732942533423495
Tai-Yay,1.8014634934759437
Kra-Dai,3.0097868188013854
Kam-Tai,3.0097868188013854
Tai-Yay,2.2805616138137363
Kra-Dai,3.0134172332353217
Kam-Tai,2.3127153058964938
Tai-Yay,1.6579739580329567
Kra-Dai,3.7733339996295436
Kam-Tai,3.4218695906281886
Tai-Yay,1.639110805914588
Kra-Dai,3.4378358319116717
Kam-Tai,1.8818170936072443
Tai-Yay,1.5552240799490293
Kra-Dai,4.5795141347979555
Kam-Tai,2.4637684195956537
Tai-Yay,1.5219979986428145
Kra-Dai,4.999052078688931
Kam-Tai,2.8106430263757245
Tai-Yay,1.721446381123533
Kra-Dai,4.615791732553291
Kam-Tai,4.615791732553291
Tai-Yay,2.496019273043157
Kra-Dai,2.4749445295646124
Kam-Tai,2.4749445295646124
Tai-Yay,1.8766288069541395
Kra-Dai,4.240767854597818
Kam-Tai,3.6100784125723977
Tai-Yay,2.552221513691761
Kra-Dai,4.613251052522052
Kam-Tai,4.04475162516762
Tai-Yay,1.532704697282659
Kra-Dai,4.198797157749392
Kam-Tai,3.373796130308018
Tai-Yay,1.6883160247005824
Kra-Dai,6.577955186787954
Kam-Tai,4.981133777018905
Tai-Yay,2.9033007518194007
Kra-Dai,4.901036993365493
Kam-Tai,2.6437573103648693
Tai-Yay,1.821599646835995
Kra-Dai,6.928379999862585
Kam-Tai,4.528105475620353
Tai-Yay,2.58312651827971
Kra-Dai,3.1346965575816723
Kam-Tai,2.229009731346517
Tai-Yay,1.8504203968540023
Kra-Dai,3.4103417072742923
Kam-Tai,2.0972783491412192
Tai-Yay,1.8776234353974972
Kra-Dai,8.181873463019231
Kam-Tai,3.395648715862251
Tai-Yay,1.7493303179179316
Kra-Dai,4.672287907446479
Kam-Tai,3.1106935832005047
Tai-Yay,1.9502051770582174
Kra-Dai,5.74436793913014
Kam-Tai,2.2623450962130023
Tai-Yay,1.3864111417291909
Kra-Dai,4.319500187269811
Kam-Tai,3.006706589716087
Tai-Yay,1.9158424078382952
Kra-Dai,4.947105875181003
Kam-Tai,3.301061344816309
Tai-Yay,2.700439958839485
Kra-Dai,4.103835937112872
Kam-Tai,2.707894964021617
Tai-Yay,1.919014156692847
Kra-Dai,4.902035471232062
Kam-Tai,4.274927052099965
Tai-Yay,2.303457678287437
Kra-Dai,4.9630551792792295
Kam-Tai,3.207461575528681
Tai-Yay,2.3401551245609276
Kra-Dai,4.99236271764086
Kam-Tai,3.294434059823933
Tai-Yay,1.7334051909315784
Kra-Dai,5.08546118675164
Kam-Tai,2.9821587177165387
Tai-Yay,2.139811979224515
Kra-Dai,11.407001192811324
Kam-Tai,6.487303279970417
Tai-Yay,2.907280266684479
Kra-Dai,4.0642153563853345
Kam-Tai,2.1413137953342565
Tai-Yay,1.6126116563875255
Kra-Dai,3.844876706021049
Kam-Tai,2.8812477147216464
Tai-Yay,1.872026437232244
Kra-Dai,3.5133535935879396
Kam-Tai,2.7209419098988397
Tai-Yay,1.7681071842635254
Kra-Dai,3.6605417022108737
Kam-Tai,3.266360735123913
Tai-Yay,2.5789424112295887
Kra-Dai,5.336389334828606
Kam-Tai,4.094740969804105
Tai-Yay,2.77462778557163
Kra-Dai,3.3789015876568906
Kam-Tai,2.388311102331412
Tai-Yay,1.522501647275826
Kra-Dai,4.240010653422822
Kam-Tai,2.7901259658781186
Tai-Yay,2.1202909434158235
Kra-Dai,5.0765804511395025
Kam-Tai,2.9298706232606526
Tai-Yay,1.9962767690779089
Kra-Dai,5.312977538560366
Kam-Tai,2.936615611641001
Tai-Yay,2.2892859552242157
Kra-Dai,7.103059844472677
Kam-Tai,4.276048176330736
Tai-Yay,3.299548765769535
Kra-Dai,6.41124101418264
Kam-Tai,3.4915249424954284
Tai-Yay,2.3038752755970195
Kra-Dai,4.5489438136736124
Kam-Tai,2.7291300007009847
Tai-Yay,1.305725957973678
Kra-Dai,3.510258428784748
Kam-Tai,1.9943130814040384
Tai-Yay,1.4757513928394594
Kra-Dai,6.043048168896131
Kam-Tai,3.7680436659484293
Tai-Yay,2.195516040019558
Kra-Dai,8.32351387132367
Kam-Tai,3.739090997446196
Tai-Yay,1.795861330419502
Kra-Dai,5.08953913873848
Kam-Tai,4.368035319859247
Tai-Yay,2.437643666636658
Kra-Dai,4.669935147461397
Kam-Tai,3.0679135094664267
Tai-Yay,2.197340580451263
Kra-Dai,7.320481997146656
Kam-Tai,3.3156840165980963
Tai-Yay,2.104959181461439
Kra-Dai,6.0644292309109895
Kam-Tai,3.004495937902512
Tai-Yay,1.9127395421216153
Kra-Dai,5.985775837179402
Kam-Tai,2.393998558855584
Tai-Yay,1.5926276205133254
Kra-Dai,7.5833895631430215
Kam-Tai,2.8858481666520337
Tai-Yay,2.1311312807904423
Kra-Dai,5.144759168566853
Kam-Tai,3.583288833253407
Tai-Yay,2.7816483933167313
Kra-Dai,4.0363996196224035
Kam-Tai,2.062737777308143
Tai-Yay,1.6673860074983677
Kra-Dai,3.020006601560437
Kam-Tai,1.6994791986513735
Tai-Yay,1.4276825608301418
Kra-Dai,3.09665241866292
Kam-Tai,1.8969569616461213
Tai-Yay,1.354881272657407
Kra-Dai,4.044000956497698
Kam-Tai,2.728364103040248
Tai-Yay,2.0373738884666115
Kra-Dai,5.400821711752539
Kam-Tai,2.6381163008449464
Tai-Yay,1.7620745266821647
Kra-Dai,4.2433049110395675
Kam-Tai,2.403831707633757
Tai-Yay,1.939811641851514
Kra-Dai,2.7159999470244025
Kam-Tai,1.8865010701102074
Tai-Yay,1.5228254420980853
Kra-Dai,4.898110752745291
Kam-Tai,4.321851695854688
Tai-Yay,2.824163432766684
Kra-Dai,4.830627434324803
Kam-Tai,2.6658236573178415
Tai-Yay,2.349623511163863
Kra-Dai,4.10549647941663
Kam-Tai,2.1766190416428866
Tai-Yay,1.778794343069448
Kra-Dai,4.254547176158737
Kam-Tai,2.4037777888666634
Tai-Yay,1.965916775135673
Kra-Dai,5.327328470187557
Kam-Tai,2.764530283525043
Tai-Yay,2.2735066371410895
Kra-Dai,2.9512843301663985
Kam-Tai,2.6315722206321697
Tai-Yay,1.70547029734589
Kra-Dai,3.735066108621529
Kam-Tai,2.51701570709202
Tai-Yay,1.5718083894300103
Kra-Dai,4.425219832430185
Kam-Tai,3.377317530197691
Tai-Yay,1.6635035907429039
Kra-Dai,6.635847923159772
Kam-Tai,4.112132730982461
Tai-Yay,2.074207784521576
Kra-Dai,4.6082068042229505
Kam-Tai,3.4368164434032704
Tai-Yay,2.0688845444709485
Kra-Dai,5.4941396332469745
Kam-Tai,2.8634484558716005
Tai-Yay,2.2672183813338282
Kra-Dai,4.670464136452441
Kam-Tai,2.681586561699983
Tai-Yay,1.6462990051791904
Kra-Dai,5.613381474252398
Kam-Tai,2.5828492817872695
Tai-Yay,1.8546765928264248
Kra-Dai,5.279335339773799
Kam-Tai,3.081566065160198
Tai-Yay,1.6378927248283581
Kra-Dai,3.3023866895827263
Kam-Tai,2.02978642939288
Tai-Yay,1.7239967683209527
Kra-Dai,6.282566335401411
Kam-Tai,3.103324327361995
Tai-Yay,2.261848586954822
Kra-Dai,7.093462096275915
Kam-Tai,2.8934334930734664
Tai-Yay,2.0939853087322637
Kra-Dai,3.9414322570390516
Kam-Tai,3.422940658933382
Tai-Yay,2.5585701690911593
Kra-Dai,3.202366859862696
Kam-Tai,2.8810916985478237
Tai-Yay,1.7959359565524946
Kra-Dai,5.748869952480532
Kam-Tai,5.676802950892927
Tai-Yay,2.699254324379947
Kra-Dai,6.532852456789512
Kam-Tai,2.319066419959345
Tai-Yay,1.817890865886354
Kra-Dai,4.377781610607442
Kam-Tai,2.7913924949078472
Tai-Yay,1.846617295279831
Kra-Dai,4.22332599479515
Kam-Tai,2.440207536998704
Tai-Yay,2.027359434574932
Kra-Dai,6.158446537322428
Kam-Tai,3.4023591885151463
Tai-Yay,1.9362808682383008
Kra-Dai,7.741650167934431
Kam-Tai,3.3901833619790773
Tai-Yay,2.646947782646656
Kra-Dai,6.42632612884419
Kam-Tai,3.6549743141021716
Tai-Yay,2.837398598624232
Kra-Dai,5.124786690907668
Kam-Tai,2.3019261742913564
Tai-Yay,1.8570453486894904
Kra-Dai,4.6988702005153185
Kam-Tai,2.6991674587088292
Tai-Yay,1.4771589722209817
Kra-Dai,4.6991324507729
Kam-Tai,2.5278194627028032
Tai-Yay,1.7443645251484066
Kra-Dai,6.096812826742003
Kam-Tai,3.1011562056547914
Tai-Yay,2.1770708611415817
Kra-Dai,5.589886124512662
Kam-Tai,2.69027825317178
Tai-Yay,1.8021197493912622
Kra-Dai,3.3737435200850103
Kam-Tai,2.132842723825502
Tai-Yay,1.450511043297534
Kra-Dai,6.770780931143673
Kam-Tai,2.893661357565746
Tai-Yay,2.0238597274284755
Kra-Dai,4.810180199605
Kam-Tai,2.722195640072958
Tai-Yay,1.5533124324299803
Kra-Dai,6.261092342787878
Kam-Tai,5.195335058866287
Tai-Yay,2.3344111460545705
Kra-Dai,6.403809789892621
Kam-Tai,2.511503705755442
Tai-Yay,1.77924949298892
Kra-Dai,4.441504127396734
Kam-Tai,2.2646963531190933
Tai-Yay,1.7087219460000207
Kra-Dai,4.881131089451539
Kam-Tai,2.0145618117677704
Tai-Yay,1.523844452251141
Kra-Dai,3.4082265032279335
Kam-Tai,2.7226056867533726
Tai-Yay,1.6934960570968354
Kra-Dai,2.369862844820836
Kam-Tai,1.9476968352335526
Tai-Yay,1.6552719595216465
Kra-Dai,4.379113333148917
Kam-Tai,2.0713428473040416
Tai-Yay,1.7750233732869996
Kra-Dai,4.126303198255152
Kam-Tai,2.845715917004881
Tai-Yay,2.172612892698067
Kra-Dai,5.359834212830769
Kam-Tai,3.7953643914059643
Tai-Yay,2.8129375626563466
Kra-Dai,6.8516928439227955
Kam-Tai,3.1503716830616955
Tai-Yay,2.1726272985537998
Kra-Dai,7.628290940059585
Kam-Tai,3.4629506063747035
Tai-Yay,2.051585072442343
Kra-Dai,9.09040820530787
Kam-Tai,3.279971927304775
Tai-Yay,1.550340847627985
Kra-Dai,8.235422668823194
Kam-Tai,2.3108141104390345
Tai-Yay,1.9378590723798617
Kra-Dai,6.1951724202418825
Kam-Tai,3.2041594002577143
Tai-Yay,2.2571996498383795
Kra-Dai,8.446679800734467
Kam-Tai,3.4098505324580737
Tai-Yay,2.447505898541605
Kra-Dai,5.509950172440282
Kam-Tai,2.6222691949735233
Tai-Yay,2.1132349575871117
Kra-Dai,6.200574160807556
Kam-Tai,3.8042850774151855
Tai-Yay,2.576203797754692
Kra-Dai,5.527267827343516
Kam-Tai,2.7626542956007945
Tai-Yay,1.632708936018807
Kra-Dai,3.9146793858713043
Kam-Tai,2.1514837223846848
Tai-Yay,1.7638291814883047
Kra-Dai,3.9690594339977254
Kam-Tai,2.5638356803278204
Tai-Yay,1.6869675063847112
Kra-Dai,4.960899881067587
Kam-Tai,2.286784040005935
Tai-Yay,1.8139269295210552
Kra-Dai,7.455908104648297
Kam-Tai,3.0474839477244497
Tai-Yay,1.8218287626280558
Kra-Dai,6.241152792366234
Kam-Tai,2.7375612986153373
Tai-Yay,1.9271339796445002
Kra-Dai,3.634591655680265
Kam-Tai,1.7554470210072721
Tai-Yay,1.4313212686862462
Kra-Dai,6.542590058746669
Kam-Tai,2.8239737097297057
Tai-Yay,2.0128599580154427
Kra-Dai,7.832918388713314
Kam-Tai,3.8139628068075693
Tai-Yay,2.0293940947766744
Kra-Dai,4.797849761174954
Kam-Tai,2.428574016847826
Tai-Yay,1.7232791080346956
Kra-Dai,3.405164314173671
Kam-Tai,2.689246737334267
Tai-Yay,1.5842196929655128
Kra-Dai,5.033750079729868
Kam-Tai,3.480959719133778
Tai-Yay,2.3864561404709637
Kra-Dai,5.848937138813395
Kam-Tai,2.2700612825646176
Tai-Yay,1.867603478017096
Kra-Dai,5.647814299204461
Kam-Tai,3.634106855422813
Tai-Yay,1.9553155221920528
Kra-Dai,4.550562718803375
Kam-Tai,3.5686209765421295
Tai-Yay,2.119271607117792
Kra-Dai,2.9847051106416815
Kam-Tai,1.7840533712526583
Tai-Yay,1.3505840438956318
Kra-Dai,4.158916994359034
Kam-Tai,2.4303745444123135
Tai-Yay,1.6993402962933915
Kra-Dai,5.710401876636637
Kam-Tai,3.2688264872916015
Tai-Yay,2.4732824340833974
Kra-Dai,7.34615378189836
Kam-Tai,2.4500457819354207
Tai-Yay,1.7012168538248282
Kra-Dai,5.152527223241583
Kam-Tai,3.9728677859810793
Tai-Yay,1.8278008364106109
Kra-Dai,3.5394253668546276
Kam-Tai,2.782644378255358
Tai-Yay,2.0889632508770197
Kra-Dai,3.4514257620134647
Kam-Tai,2.715255977137522
Tai-Yay,1.7870026689272054
Kra-Dai,3.5834863216336434
Kam-Tai,2.198795734547566
Tai-Yay,1.8151401651221049
Kra-Dai,3.866936887883238
Kam-Tai,2.66266261710211
Tai-Yay,2.1229143390552268
Kra-Dai,6.098238822968888
Kam-Tai,3.1549575393229334
Tai-Yay,2.111337428681697
Kra-Dai,4.089653859085552
Kam-Tai,2.427861608793841
Tai-Yay,1.7208428447572235
Kra-Dai,4.209206247144601
Kam-Tai,3.9399280877793044
Tai-Yay,1.950518222699495
Kra-Dai,3.8704954646989105
Kam-Tai,2.5536525391281177
Tai-Yay,2.0159284711634284
Kra-Dai,4.9773274567091965
Kam-Tai,2.7993487187624395
Tai-Yay,2.3044189559655957
Kra-Dai,3.418669064367566
Kam-Tai,2.5723798338596024
Tai-Yay,1.4391785296575659
Kra-Dai,3.8567775554272377
Kam-Tai,2.7526732643950047
Tai-Yay,2.228655787006005
Kra-Dai,5.402144510397009
Kam-Tai,3.875286615566904
Tai-Yay,2.6236813598562576
Kra-Dai,6.525770039897093
Kam-Tai,3.381175603237462
Tai-Yay,2.6133463227296416
Kra-Dai,8.391971525111796
Kam-Tai,2.9099991163818784
Tai-Yay,2.3685458897034097
Kra-Dai,5.6078759446265
Kam-Tai,2.7783260893494552
Tai-Yay,2.4325173429547045
Kra-Dai,4.12865497457758
Kam-Tai,2.1196150675636796
Tai-Yay,1.5785493688403598
Kra-Dai,4.362422837054387
Kam-Tai,2.9969146356529177
Tai-Yay,2.1550828150664345
Kra-Dai,3.726967400050687
Kam-Tai,2.2084547771390617
Tai-Yay,1.8064742946106562
Kra-Dai,5.924081202099698
Kam-Tai,3.7823373280195516
Tai-Yay,1.8824570189378296
Kra-Dai,6.74154785296612
Kam-Tai,3.7572392632239184
Tai-Yay,2.390663400782051
Kra-Dai,5.5697804910901505
Kam-Tai,3.6882813614798247
Tai-Yay,1.60211248056547
Kra-Dai,5.373966282422244
Kam-Tai,2.6660443010717034
Tai-Yay,2.103269284844687
Kra-Dai,5.182082077240903
Kam-Tai,2.4252708262136875
Tai-Yay,1.7109167515356933
Kra-Dai,3.53442710097725
Kam-Tai,2.6706137223607755
Tai-Yay,1.7982237325831942
Kra-Dai,5.568253843006934
Kam-Tai,2.8038338854672724
Tai-Yay,2.3513454229739725
Kra-Dai,8.155521296761373
Kam-Tai,3.1353830478755373
Tai-Yay,1.8809621828504142
Kra-Dai,5.226474011922766
Kam-Tai,2.5416445149349762
Tai-Yay,2.100525956005063
Kra-Dai,4.5679545279314615
Kam-Tai,3.2929134336302264
Tai-Yay,2.10924319082819
Kra-Dai,11.13183597601401
Kam-Tai,2.4529108427600885
Tai-Yay,1.9976408881291547
Kra-Dai,4.374803328943102
Kam-Tai,2.764949726893489
Tai-Yay,2.5466461455947846
Kra-Dai,6.06315933567971
Kam-Tai,1.7765349666420613
Tai-Yay,1.7195598748453182
Kra-Dai,5.471855301447888
Kam-Tai,2.6533705298288037
Tai-Yay,1.6220429432502819
Kra-Dai,4.164734510801951
Kam-Tai,1.8979079811273705
Tai-Yay,1.6116390612103877
Kra-Dai,4.321448807386822
Kam-Tai,2.0470524068524854
Tai-Yay,1.9190168290209049
Kra-Dai,6.910971091073861
Kam-Tai,3.4021890879874137
Tai-Yay,2.567482406337228
Kra-Dai,6.956887550119939
Kam-Tai,5.16757981911169
Tai-Yay,2.2067033733939656
Kra-Dai,6.636269878897068
Kam-Tai,3.2167760748645686
Tai-Yay,1.5765063111306548
Kra-Dai,4.3041903210531585
Kam-Tai,3.321568774403966
Tai-Yay,2.176610004632846
Kra-Dai,3.3507764582484785
Kam-Tai,2.51463686590307
Tai-Yay,1.6477920882173382
Kra-Dai,7.026964272737085
Kam-Tai,2.631162328704523
Tai-Yay,1.7896581290483038
Kra-Dai,3.0189541494311807
Kam-Tai,2.2746853212103293
Tai-Yay,1.3574279688729105
Kra-Dai,4.283673937191179
Kam-Tai,3.203386629286951
Tai-Yay,1.3547327045872644
Kra-Dai,5.046702576792373
Kam-Tai,2.365907748438186
Tai-Yay,2.196792858178252
Kra-Dai,5.193017450706608
Kam-Tai,2.1374150861322048
Tai-Yay,1.4394950173239351
Kra-Dai,6.14858195600289
Kam-Tai,3.354934792052897
Tai-Yay,1.6643400199780665
Kra-Dai,4.95647472166617
Kam-Tai,2.8806890527331563
Tai-Yay,1.5214001789747145
Kra-Dai,3.2462590320611096
Kam-Tai,2.1420513999173094
Tai-Yay,1.794106651915721
Kra-Dai,2.7534282279901863
Kam-Tai,1.630922156432724
Tai-Yay,1.4166486855873033
Kra-Dai,3.406616606901855
Kam-Tai,2.7815456865772594
Tai-Yay,1.617245747820136
Kra-Dai,3.901498948855282
Kam-Tai,2.947620505611638
Tai-Yay,1.673185923101995
Kra-Dai,3.120521316739362
Kam-Tai,2.4231106527056765
Tai-Yay,1.744074980733763
Kra-Dai,3.74364596892977
Kam-Tai,2.749585938712493
Tai-Yay,2.1462336390679746
Kra-Dai,4.186120815040247
Kam-Tai,3.3758696249848015
Tai-Yay,2.0824217591265084
Kra-Dai,5.505708329066774
Kam-Tai,3.378011936162589
Tai-Yay,2.0666453144054575
Kra-Dai,4.892962322443804
Kam-Tai,3.743793966070511
Tai-Yay,1.8667343000758398
Kra-Dai,4.895190288333936
Kam-Tai,4.276852685018649
Tai-Yay,1.9101913285061847
Kra-Dai,4.10336520186814
Kam-Tai,2.8335506038084377
Tai-Yay,1.6530448534580335
Kra-Dai,3.7745888680339723
Kam-Tai,2.0520844832389318
Tai-Yay,1.5616603761364471
Kra-Dai,5.028418253917946
Kam-Tai,2.7476263761695088
Tai-Yay,1.723036241001505
Kra-Dai,4.942116216425368
Kam-Tai,2.003991311317987
Tai-Yay,1.6932237821607785
Kra-Dai,3.9430818741281457
Kam-Tai,3.9430818741281457
Tai-Yay,2.205198865145577
Kra-Dai,3.4139998963299996
Kam-Tai,2.964946522432386
Tai-Yay,1.8040665046348567
Kra-Dai,4.165104789799054
Kam-Tai,2.603000237259434
Tai-Yay,1.6520469531067095
Kra-Dai,4.569709677915126
Kam-Tai,4.297115652615583
Tai-Yay,2.1560677592587627
Kra-Dai,5.7801952687644516
Kam-Tai,3.3488112605769182
Tai-Yay,2.057170388265395
Kra-Dai,5.048036427458448
Kam-Tai,1.951935435423115
Tai-Yay,1.6802597731510414
Kra-Dai,3.8047417459140145
Kam-Tai,1.9377550215309545
Tai-Yay,1.6693443784250603
Kra-Dai,4.136583878883765
Kam-Tai,3.147288838831508
Tai-Yay,1.4593328227278812
Kra-Dai,2.898820347419735
Kam-Tai,2.0233068760278328
Tai-Yay,1.6238507093862597
Kra-Dai,5.298066894474909
Kam-Tai,4.222160872245128
Tai-Yay,1.792994922252631
Kra-Dai,6.405666206573702
Kam-Tai,3.72774159567543
Tai-Yay,2.3203941898765734
Kra-Dai,5.564740010867108
Kam-Tai,3.5140019936437965
Tai-Yay,1.9657034244391514
Kra-Dai,8.127798951981374
Kam-Tai,2.9416346191442955
Tai-Yay,2.1320617690371986
Kra-Dai,5.733958927073607
Kam-Tai,3.463616674630412
Tai-Yay,2.513144405412799
Kra-Dai,3.947691200027377
Kam-Tai,2.291490593961471
Tai-Yay,1.9966025727685859
Kra-Dai,5.054451837640882
Kam-Tai,2.158831901273049
Tai-Yay,2.044733338954645
Kra-Dai,7.1239864982686525
Kam-Tai,3.1724304462468607
Tai-Yay,2.814209210211785
Kra-Dai,3.8364460195365786
Kam-Tai,2.7522213464471874
Tai-Yay,1.7698803440183837
Kra-Dai,3.991932911568817
Kam-Tai,3.991932911568817
Tai-Yay,2.6973207856324084
Kra-Dai,5.869023999871839
Kam-Tai,3.580972430424768
Tai-Yay,2.2888806818187124
Kra-Dai,4.641551311217937
Kam-Tai,3.0780192064408602
Tai-Yay,2.13921035922034
Kra-Dai,5.953046497746534
Kam-Tai,2.678495510371311
Tai-Yay,2.1992718218922627
Kra-Dai,6.958317005347123
Kam-Tai,2.9161214626178875
Tai-Yay,2.062901777601314
Kra-Dai,4.124126572646386
Kam-Tai,2.276823126185221
Tai-Yay,1.9263850014291473
Kra-Dai,3.970974178311495
Kam-Tai,2.953491582378182
Tai-Yay,1.8743445173814073
Kra-Dai,3.8724737648850955
Kam-Tai,2.7763102484906423
Tai-Yay,1.7769554852286977
Kra-Dai,5.492736160577993
Kam-Tai,3.314503183151538
Tai-Yay,2.2295786501618187
Kra-Dai,4.359092814640699
Kam-Tai,3.722668548679052
Tai-Yay,1.7363086943369659
Kra-Dai,4.181073006527626
Kam-Tai,2.4310530138919946
Tai-Yay,1.6200360629243504
Kra-Dai,5.245277726122194
Kam-Tai,3.9913072267112017
Tai-Yay,2.8710091290990207
Kra-Dai,5.362809963203397
Kam-Tai,2.7744131800059604
Tai-Yay,2.3297118906220673
Kra-Dai,5.689925949582098
Kam-Tai,3.5154805311046635
Tai-Yay,1.4158634416856577
Kra-Dai,4.339497232916541
Kam-Tai,3.1517658181225436
Tai-Yay,1.884299246928622
Kra-Dai,8.501512363940307
Kam-Tai,4.335447400640596
Tai-Yay,2.7195436776863424
Kra-Dai,5.544358902366552
Kam-Tai,3.3938813041052316
Tai-Yay,2.5608319635761214
Kra-Dai,4.286079052327577
Kam-Tai,2.6180848413468283
Tai-Yay,1.8476114383438125
Kra-Dai,3.6149138644323413
Kam-Tai,3.6149138644323413
Tai-Yay,1.6979459285171292
Kra-Dai,4.123933296668667
Kam-Tai,3.0359629369075196
Tai-Yay,2.153276281062925
Kra-Dai,4.366307403191353
Kam-Tai,3.204316997384529
Tai-Yay,2.383102559108112
Kra-Dai,4.59098691575654
Kam-Tai,3.2797736617813937
Tai-Yay,2.0941119118448404
Kra-Dai,4.260671543196857
Kam-Tai,2.670056261324503
Tai-Yay,2.4978931772280246
Kra-Dai,4.04985569370222
Kam-Tai,2.2728716805957845
Tai-Yay,1.7416730808188747
Kra-Dai,3.2842642576699688
Kam-Tai,1.9213717743382122
Tai-Yay,1.6103674464653257
Kra-Dai,3.6292657759360187
Kam-Tai,2.828288075971566
Tai-Yay,1.4840931289242736
Kra-Dai,5.74312400195092
Kam-Tai,2.4103259278892737
Tai-Yay,1.4382223629983528
Kra-Dai,5.773348793574045
Kam-Tai,2.7767058782613616
Tai-Yay,2.0326465803817215
Kra-Dai,6.461175262344201
Kam-Tai,5.06552628105854
Tai-Yay,2.164934769029199
Kra-Dai,4.957658605370274
Kam-Tai,2.9839193322084627
Tai-Yay,2.0632256844976196
Kra-Dai,8.30583960147803
Kam-Tai,4.032870237901427
Tai-Yay,2.392238762382976
Kra-Dai,4.841263337586709
Kam-Tai,2.0882808801993322
Tai-Yay,1.5981963032704494
Kra-Dai,5.7931215515888725
Kam-Tai,2.114796228263482
Tai-Yay,1.8188400393533835
Kra-Dai,4.461963874734559
Kam-Tai,3.4737756322781546
Tai-Yay,2.0535925403283612
Kra-Dai,3.870942391121071
Kam-Tai,2.5175403732758914
Tai-Yay,1.5981262496804884
Kra-Dai,3.416032332900623
Kam-Tai,3.416032332900623
Tai-Yay,1.6210958937023916
Kra-Dai,4.26570965265027
Kam-Tai,2.486377439778247
Tai-Yay,1.7985306491328652
Kra-Dai,5.688235032602924
Kam-Tai,2.6652100339495797
Tai-Yay,2.117458803946457
Kra-Dai,3.4786530665991764
Kam-Tai,2.5350295658276942
Tai-Yay,1.7576231594616623
Kra-Dai,2.9440056608656775
Kam-Tai,1.5677871178479383
Tai-Yay,1.3917065026121282
Kra-Dai,4.043084926995061
Kam-Tai,3.4169088704198916
Tai-Yay,2.5241089702607056
Kra-Dai,4.339935618565185
Kam-Tai,3.3845342950759645
Tai-Yay,2.040883504686835
Kra-Dai,6.973693284592552
Kam-Tai,4.003848720015106
Tai-Yay,2.2528372279242532
Kra-Dai,5.245266978087515
Kam-Tai,3.770919931478339
Tai-Yay,2.1254378634214373
Kra-Dai,8.35608612964004
Kam-Tai,3.6318873840249166
Tai-Yay,2.5739864535544523
Kra-Dai,7.222797590823388
Kam-Tai,3.719528665064432
Tai-Yay,2.2362126303332417
Kra-Dai,4.92878245220515
Kam-Tai,2.8731539725389768
Tai-Yay,1.7653504094682084
Kra-Dai,4.547765783690096
Kam-Tai,2.1673258802813438
Tai-Yay,1.7027075974713561
Kra-Dai,4.283853325564461
Kam-Tai,3.2234293184796488
Tai-Yay,2.3447410673988625
Kra-Dai,4.795336935357134
Kam-Tai,4.795336935357134
Tai-Yay,2.1295170848495584
Kra-Dai,5.477923086908554
Kam-Tai,3.0784808599101465
Tai-Yay,1.705308782140155
Kra-Dai,4.277652767715191
Kam-Tai,2.421644173847029
Tai-Yay,1.6307210063100017
Kra-Dai,5.703913500398505
Kam-Tai,5.703913500398505
Tai-Yay,2.501325376273607
Kra-Dai,5.659421253756012
Kam-Tai,3.358790358149441
Tai-Yay,1.991641195957321
Kra-Dai,2.2083954184996926
Kam-Tai,2.064289745939008
Tai-Yay,1.4583539335301208
Kra-Dai,3.52707590771492
Kam-Tai,3.52707590771492
Tai-Yay,1.900421161727153
Kra-Dai,3.700086017689111
Kam-Tai,2.094141732363127
Tai-Yay,1.2879648104562098
Kra-Dai,5.533581926038996
Kam-Tai,3.3102193642269238
Tai-Yay,2.2291706341065
Kra-Dai,6.788931737437349
Kam-Tai,3.4412107787140522
Tai-Yay,1.7444959603920305
Kra-Dai,4.6350323727299925
Kam-Tai,3.544652463331313
Tai-Yay,2.3108938110459993
Kra-Dai,4.797621696598711
Kam-Tai,3.295307133635047
Tai-Yay,1.8109180549326922
Kra-Dai,6.999233396431636
Kam-Tai,3.5831032817055286
Tai-Yay,1.7496467430168456
Kra-Dai,4.5240134926436015
Kam-Tai,2.6619530936976226
Tai-Yay,1.5859245717835986
Kra-Dai,8.53197259391886
Kam-Tai,5.620464594766509
Tai-Yay,2.7773354898057487
Kra-Dai,3.7513676589827027
Kam-Tai,2.9425561701206293
Tai-Yay,1.7791014129703766
Kra-Dai,5.211527059332895
Kam-Tai,2.269870289975942
Tai-Yay,1.84947949336651
Kra-Dai,7.740520155392358
Kam-Tai,3.757300177666153
Tai-Yay,2.4073690375404846
Kra-Dai,6.281015441759625
Kam-Tai,4.065789089430576
Tai-Yay,1.6732957039219256
Kra-Dai,4.524462133296085
Kam-Tai,2.870952960920943
Tai-Yay,1.9759150585361995
Kra-Dai,5.020844825791341
Kam-Tai,2.7073317741072365
Tai-Yay,1.4942195478897031
Kra-Dai,4.469829411244908
Kam-Tai,2.8932506734801575
Tai-Yay,2.094656574815114
Kra-Dai,3.5967932952825556
Kam-Tai,1.9427339863998265
Tai-Yay,1.645070176323187
Kra-Dai,6.395704940864354
Kam-Tai,4.1772348640542525
Tai-Yay,2.0230703988755483
Kra-Dai,5.3727254268522415
Kam-Tai,3.168234295510097
Tai-Yay,2.363339744730179
Kra-Dai,5.013568071895712
Kam-Tai,2.1084118684678197
Tai-Yay,1.7506118986723607
Kra-Dai,8.17773509889171
Kam-Tai,2.8415412520879944
Tai-Yay,1.6051907949219961
Kra-Dai,4.681903876717959
Kam-Tai,2.777333679859189
Tai-Yay,1.8397399174484956
Kra-Dai,5.113843748278191
Kam-Tai,2.6851615006479275
Tai-Yay,1.9245885662352036
Kra-Dai,5.612288424977067
Kam-Tai,3.0665686588490626
Tai-Yay,2.224350701388368
Kra-Dai,6.8025386401194075
Kam-Tai,3.0577130551447804
Tai-Yay,1.940115428038217
Kra-Dai,5.574851594553329
Kam-Tai,3.195494184919953
Tai-Yay,2.4836175177265885
Kra-Dai,4.912754639245689
Kam-Tai,3.568505935440085
Tai-Yay,1.8376911981598125
Kra-Dai,3.427496262762576
Kam-Tai,3.044349413142421
Tai-Yay,1.6616574090809697
Kra-Dai,5.091222952037902
Kam-Tai,3.830042489328032
Tai-Yay,2.2630945943809078
Kra-Dai,5.095080766303688
Kam-Tai,3.0302642896171132
Tai-Yay,2.037535857264765
Kra-Dai,3.6140224392406877
Kam-Tai,3.3947630915197005
Tai-Yay,2.4637105781934707
Kra-Dai,5.725870136661212
Kam-Tai,5.725870136661212
Tai-Yay,2.1264192942122375
Kra-Dai,6.276746662525643
Kam-Tai,2.151956477790246
Tai-Yay,1.9691369558178753
Kra-Dai,4.749378242690184
Kam-Tai,2.5334769222140974
Tai-Yay,1.6820246510833545
Kra-Dai,4.650556142361681
Kam-Tai,2.141308912364773
Tai-Yay,1.7824942064542384
Kra-Dai,4.861374739720231
Kam-Tai,2.8446613828440643
Tai-Yay,2.5546900878163936
Kra-Dai,3.174662340425842
Kam-Tai,1.8376296309963362
Tai-Yay,1.6411062167076653
Kra-Dai,4.243712104164055
Kam-Tai,3.4847667439578514
Tai-Yay,2.9351415146696835
Kra-Dai,5.033523341736649
Kam-Tai,2.9991529318552197
Tai-Yay,1.9486475729728987
Kra-Dai,4.825982956457148
Kam-Tai,3.0030030284337204
Tai-Yay,1.8398154152378963
Kra-Dai,5.152672046671415
Kam-Tai,3.7982460534084366
Tai-Yay,1.7730345751054704
Kra-Dai,4.7443714514662405
Kam-Tai,2.8767429438662186
Tai-Yay,2.0512997410290463
Kra-Dai,3.395662974476406
Kam-Tai,2.8784022234410016
Tai-Yay,2.232081506559274
Kra-Dai,3.943825690020326
Kam-Tai,3.2110867931763947
Tai-Yay,2.8828229354892363
Kra-Dai,3.589153946273573
Kam-Tai,3.589153946273573
Tai-Yay,1.4472604359944037
Kra-Dai,3.7315691996993614
Kam-Tai,2.392020177763186
Tai-Yay,1.5781221704950226
Kra-Dai,4.064227681795001
Kam-Tai,3.2593259355575053
Tai-Yay,1.964706674916572
Kra-Dai,3.8560260597404916
Kam-Tai,2.9332368594225815
Tai-Yay,2.181190233199248
Kra-Dai,3.1137339238761164
Kam-Tai,3.033500536429416
Tai-Yay,2.1400135081509046
Kra-Dai,2.7814177875172263
Kam-Tai,2.7814177875172263
Tai-Yay,2.0938473469796923
Kra-Dai,3.747841657081096
Kam-Tai,2.7143989431967768
Tai-Yay,1.956041045681588
Kra-Dai,4.932063654361271
Kam-Tai,2.922616762732705
Tai-Yay,2.3251887355415417
Kra-Dai,4.8201813051888625
Kam-Tai,3.27267327010421
Tai-Yay,2.1308117007296516
Kra-Dai,6.709081484959092
Kam-Tai,3.1076823667850135
Tai-Yay,2.1808847412366203
Kra-Dai,6.611361353514566
Kam-Tai,3.3531196267101415
Tai-Yay,2.10332203574683
Kra-Dai,6.051840246526176
Kam-Tai,3.817943973438346
Tai-Yay,2.710770973859529
Kra-Dai,6.4339978397067075
Kam-Tai,3.0890099938757563
Tai-Yay,2.3722255208279552
Kra-Dai,6.112124638539091
Kam-Tai,3.6107096694917487
Tai-Yay,2.3096982749949264
Kra-Dai,4.947729690119112
Kam-Tai,2.2171673998041537
Tai-Yay,1.5367253122357676
Kra-Dai,3.6589900345052757
Kam-Tai,3.1990732437312728
Tai-Yay,2.3157578890885295
Kra-Dai,3.2572579731374165
Kam-Tai,2.2999499728443746
Tai-Yay,1.35173860503607
Kra-Dai,3.3424362563974426
Kam-Tai,3.3424362563974426
Tai-Yay,2.2497047740996017
Kra-Dai,3.472510980097236
Kam-Tai,2.216437263686378
Tai-Yay,1.7873528552003222
Kra-Dai,3.9763123306730477
Kam-Tai,2.20628094253316
Tai-Yay,1.462848297096853
Kra-Dai,3.2304161176461257
Kam-Tai,2.3375334509767636
Tai-Yay,1.5816142336715113
Kra-Dai,4.427156855733865
Kam-Tai,2.091947354155288
Tai-Yay,1.7433885671319733
Kra-Dai,3.5964076332398363
Kam-Tai,2.062646682168649
Tai-Yay,1.527702689694364
Kra-Dai,5.0102454125723925
Kam-Tai,2.5698662277819957
Tai-Yay,1.6361875056475426
Kra-Dai,5.558085609596034
Kam-Tai,3.052426300143332
Tai-Yay,1.8695882090725613
Kra-Dai,4.773984830153408
Kam-Tai,2.437411476662933
Tai-Yay,1.9847369431492878
Kra-Dai,4.2189232545007
Kam-Tai,3.8533491481722137
Tai-Yay,2.2136488380016037
Kra-Dai,8.136834749475303
Kam-Tai,5.289955491240872
Tai-Yay,2.2319903774490513
Kra-Dai,5.321643506793469
Kam-Tai,2.584963483478442
Tai-Yay,2.337393488832326
Kra-Dai,2.661726751568292
Kam-Tai,2.1171553359282567
Tai-Yay,1.663904908065575
Kra-Dai,2.45679168571755
Kam-Tai,1.943687341274276
Tai-Yay,1.3955041861761373
Kra-Dai,4.916637619934232
Kam-Tai,3.835509598226339
Tai-Yay,2.2102778747017164
Kra-Dai,5.517859872772093
Kam-Tai,3.6113340365684556
Tai-Yay,2.275409738581813
Kra-Dai,4.143202515060657
Kam-Tai,2.4148219114251352
Tai-Yay,1.4237036477574945
Kra-Dai,4.499623912891623
Kam-Tai,2.9883013051565213
Tai-Yay,2.009871408351987
Kra-Dai,5.216804725194988
Kam-Tai,3.052930272932896
Tai-Yay,2.0636606290405832
Kra-Dai,6.121890198683856
Kam-Tai,4.395868767657564
Tai-Yay,1.825439932293392
Kra-Dai,6.333111965918119
Kam-Tai,3.557619909401876
Tai-Yay,1.8266640378991497
Kra-Dai,7.049504096146534
Kam-Tai,3.502647755213222
Tai-Yay,2.2041824901716804
Kra-Dai,5.661062557922027
Kam-Tai,3.6939791948677483
Tai-Yay,2.039404139109131
Kra-Dai,4.548887632976726
Kam-Tai,3.014023946560837
Tai-Yay,1.8837367554369249
Kra-Dai,4.599460473546386
Kam-Tai,2.7509547165768695
Tai-Yay,2.186007195564439
Kra-Dai,4.566426233797579
Kam-Tai,3.5679353909928695
Tai-Yay,2.0638956723866477
Kra-Dai,8.025501283253892
Kam-Tai,4.118040333248704
Tai-Yay,2.83916091907672
Kra-Dai,7.486646206053293
Kam-Tai,3.2746220412353564
Tai-Yay,2.301879836935412
Kra-Dai,6.0699472387078455
Kam-Tai,3.488350813881053
Tai-Yay,1.7924507925414446
Kra-Dai,6.574065056528174
Kam-Tai,3.4526318516793864
Tai-Yay,1.8563070345767114
Kra-Dai,4.408502961753162
Kam-Tai,2.5884921385671262
Tai-Yay,2.11436534772121
Kra-Dai,2.956079309099711
Kam-Tai,1.7533124854206519
Tai-Yay,1.4897754719994198
Kra-Dai,3.8744289527088434
Kam-Tai,2.303762627024937
Tai-Yay,1.833647217899026
Kra-Dai,4.59524994126967
Kam-Tai,2.5119123728854307
Tai-Yay,1.8271562372894063
Kra-Dai,8.751834539105355
Kam-Tai,3.7492579281654352
Tai-Yay,2.1178333614290707
Kra-Dai,8.5184247930698
Kam-Tai,6.082525409369102
Tai-Yay,1.846871445953603
Kra-Dai,5.550821367959009
Kam-Tai,3.147569225032661
Tai-Yay,1.980053699791776
Kra-Dai,7.443289561781656
Kam-Tai,2.9612471327140675
Tai-Yay,1.8180596200285528
Kra-Dai,4.991727017887337
Kam-Tai,2.6932917591218297
Tai-Yay,1.898410401407474
Kra-Dai,5.133104773601803
Kam-Tai,2.443539681415028
Tai-Yay,1.7351817030935783
Kra-Dai,4.586288656552742
Kam-Tai,2.4707422081280357
Tai-Yay,2.0406497943488207
Kra-Dai,6.201781429375292
Kam-Tai,2.569216054086075
Tai-Yay,1.6045330313300221
Kra-Dai,4.615421335736348
Kam-Tai,3.037664117736839
Tai-Yay,2.09812668316654
Kra-Dai,6.576416722183907
Kam-Tai,3.521402392124038
Tai-Yay,2.2640402167768627
Kra-Dai,5.121221545790722
Kam-Tai,2.6171497932933723
Tai-Yay,1.4886817136044002
Kra-Dai,5.850351903934133
Kam-Tai,3.4957135471419414
Tai-Yay,2.0486418053121986
Kra-Dai,6.072855310082
Kam-Tai,3.133554472057494
Tai-Yay,2.3148243273906695
Kra-Dai,6.182708469502292
Kam-Tai,3.9198316891302545
Tai-Yay,2.2837827386372536
Kra-Dai,3.88727071926505
Kam-Tai,2.2088650057694417
Tai-Yay,1.429441167187946
Kra-Dai,4.074187090811256
Kam-Tai,2.324971063266393
Tai-Yay,1.6690051759209985
Kra-Dai,5.152831154316659
Kam-Tai,3.886909276267775
Tai-Yay,2.6989587495103793
Kra-Dai,4.963738754143903
Kam-Tai,3.1884135621813767
Tai-Yay,2.489594620420258
Kra-Dai,3.977246397593072
Kam-Tai,2.774630540304951
Tai-Yay,1.3853983705388355
Kra-Dai,3.0932606563786713
Kam-Tai,2.040944340736125
Tai-Yay,1.7761045113966634
Kra-Dai,4.1277000592844955
Kam-Tai,2.799986168513067
Tai-Yay,2.2173111139734902
Kra-Dai,4.064404875738271
Kam-Tai,1.8151933691569186
Tai-Yay,1.4809384487161927
Kra-Dai,2.9566661944585246
Kam-Tai,2.153242998721641
Tai-Yay,1.5513525303530875
Kra-Dai,6.137253877281533
Kam-Tai,4.270084397671973
Tai-Yay,2.1864302797506787
Kra-Dai,3.5889755277309137
Kam-Tai,3.5889755277309137
Tai-Yay,1.9642733400738817
Kra-Dai,2.943332393889675
Kam-Tai,2.3171827986891067
Tai-Yay,1.63217734223949
Kra-Dai,8.205998854859242
Kam-Tai,2.8986239123994846
Tai-Yay,2.0591763312831644
Kra-Dai,8.039092472385473
Kam-Tai,4.149208399440291
Tai-Yay,1.7103916404805322
Kra-Dai,3.3820241342882977
Kam-Tai,3.210716005341908
Tai-Yay,2.034874589254373
Kra-Dai,4.670403793047965
Kam-Tai,2.210226173789027
Tai-Yay,1.8193830522719225
Kra-Dai,5.077681476065187
Kam-Tai,2.085815566354432
Tai-Yay,1.578201165636651
Kra-Dai,5.676234504316089
Kam-Tai,2.7225838517044028
Tai-Yay,1.834469280432903
Kra-Dai,3.2289084424775716
Kam-Tai,2.461631583728069
Tai-Yay,1.7817110347541139
Kra-Dai,3.396529322189524
Kam-Tai,2.601258788986369
Tai-Yay,1.8219755527459707
Kra-Dai,3.945233838601888
Kam-Tai,3.651985476259101
Tai-Yay,1.615424829555677
Kra-Dai,4.8322199436893785
Kam-Tai,3.4263864418823022
Tai-Yay,2.3343463660324697
Kra-Dai,3.725944020344388
Kam-Tai,3.0909204685469867
Tai-Yay,1.9820117303188354
Kra-Dai,4.41165787000648
Kam-Tai,3.014078562155938
Tai-Yay,1.6493171450182134
Kra-Dai,5.975691569675457
Kam-Tai,2.5193241413755247
Tai-Yay,2.0807880976387727
Kra-Dai,4.991040673923163
Kam-Tai,2.5690013174885906
Tai-Yay,1.9646888445344235
Kra-Dai,4.0093510804989645
Kam-Tai,2.2473462760368457
Tai-Yay,1.586864980502117
Kra-Dai,6.733503824542853
Kam-Tai,2.858287546350548
Tai-Yay,2.236258949069062
Kra-Dai,2.6889310982857078
Kam-Tai,2.2482173145899993
Tai-Yay,1.6312359626666453
Kra-Dai,4.118242657280437
Kam-Tai,2.2843076236817037
Tai-Yay,2.0277968606965104
Kra-Dai,5.0311152357244815
Kam-Tai,2.689352898766006
Tai-Yay,2.063203683855592
Kra-Dai,6.499916105614483
Kam-Tai,3.3644368702815974
Tai-Yay,1.514527357902888
Kra-Dai,7.137476605618368
Kam-Tai,2.596397878941029
Tai-Yay,2.266723093625349
Kra-Dai,6.357442827073356
Kam-Tai,3.48058792883004
Tai-Yay,1.5228612783719306
Kra-Dai,7.476675193127365
Kam-Tai,2.143397447648667
Tai-Yay,1.5601479471805053
Kra-Dai,3.614522549858983
Kam-Tai,2.142000225932662
Tai-Yay,1.9250661816873575
Kra-Dai,4.009332385853786
Kam-Tai,2.928009981143449
Tai-Yay,1.6803227173590685
Kra-Dai,5.547347582995926
Kam-Tai,4.1488510955460125
Tai-Yay,2.7473909949208477
Kra-Dai,3.5531248398954705
Kam-Tai,2.875944219778462
Tai-Yay,2.0835079143599904
Kra-Dai,5.824331956068008
Kam-Tai,2.655694028029165
Tai-Yay,2.03428097118363
Kra-Dai,4.183278438461034
Kam-Tai,2.8546412612788763
Tai-Yay,1.9513842500149954
Kra-Dai,5.157400817288665
Kam-Tai,3.209879895053144
Tai-Yay,1.6643144872327937
Kra-Dai,4.832025949636756
Kam-Tai,4.089451778042988
Tai-Yay,1.5757637111447398
Kra-Dai,3.1175441046696934
Kam-Tai,1.857289098057573
Tai-Yay,1.5816089682784926
Kra-Dai,3.2682689827290075
Kam-Tai,2.820659924090589
Tai-Yay,1.3941288169724642
Kra-Dai,5.383619446399663
Kam-Tai,2.8260221414368614
Tai-Yay,1.755924189287736
Kra-Dai,6.789718904311548
Kam-Tai,3.0036049013357986
Tai-Yay,2.573367773225452
Kra-Dai,5.504061360775831
Kam-Tai,2.8304812747743346
Tai-Yay,2.3010794257484175
Kra-Dai,4.590695424435381
Kam-Tai,2.5444370238610445
Tai-Yay,1.8040086536161644
Kra-Dai,5.619366964345004
Kam-Tai,2.547215500846584
Tai-Yay,2.3546745687445023
Kra-Dai,3.485829041893697
Kam-Tai,2.3618652385048016
Tai-Yay,1.9575926495731073
Kra-Dai,4.140529073253104
Kam-Tai,2.205556925792362
Tai-Yay,1.7736654532288352
Kra-Dai,7.575591831322657
Kam-Tai,3.0194262689628646
Tai-Yay,1.7179310757655992
Kra-Dai,4.712870494598327
Kam-Tai,2.4837958681319874
Tai-Yay,2.1935515547739466
Kra-Dai,5.238788383999379
Kam-Tai,3.6026001571602135
Tai-Yay,1.9879354633788262
Kra-Dai,6.216993234202721
Kam-Tai,2.5631364741142075
Tai-Yay,1.946011983708905
Kra-Dai,7.639657668859554
Kam-Tai,3.0630272266732774
Tai-Yay,2.215937842788205
Kra-Dai,7.533903097687469
Kam-Tai,4.088690081215013
Tai-Yay,2.439477359866432
Kra-Dai,5.454100391245317
Kam-Tai,2.3230396853781623
Tai-Yay,1.5383689739445678
Kra-Dai,5.7888893866102995
Kam-Tai,3.084408234633305
Tai-Yay,1.8212370010172592
Kra-Dai,4.4880766487291
Kam-Tai,2.6829162957319643
Tai-Yay,2.3673261815016473
Kra-Dai,5.893012067896757
Kam-Tai,2.6713538172512123
Tai-Yay,1.9876246002909372
Kra-Dai,4.793323715751527
Kam-Tai,2.254866541268903
Tai-Yay,2.0049676893991153
Kra-Dai,5.750013285180953
Kam-Tai,2.4529655425221093
Tai-Yay,1.7969879661324746
Kra-Dai,5.436333724872207
Kam-Tai,3.036080984261036
Tai-Yay,2.0626872589326544
Kra-Dai,3.2074059748926453
Kam-Tai,1.8857824844080877
Tai-Yay,1.7095371148366656
Kra-Dai,4.61833144137185
Kam-Tai,2.5559827977646514
Tai-Yay,1.8374553231819073
Kra-Dai,6.823237806066072
Kam-Tai,3.587032052789234
Tai-Yay,1.857152131410066
Kra-Dai,5.75537659509568
Kam-Tai,2.352891565789648
Tai-Yay,1.7585467137848765
Kra-Dai,5.432699480949835
Kam-Tai,2.657642529024183
Tai-Yay,1.4876244450037381
Kra-Dai,8.215700235725008
Kam-Tai,4.579231186991053
Tai-Yay,3.6047468503310824
Kra-Dai,5.925917404670254
Kam-Tai,3.3625492283356393
Tai-Yay,1.971963779943874
Kra-Dai,3.7093150752518143
Kam-Tai,2.193460408057315
Tai-Yay,1.3813387962198398
Kra-Dai,4.725824818285413
Kam-Tai,4.725824818285413
Tai-Yay,1.7575869110337141
Kra-Dai,3.8466899351261374
Kam-Tai,2.7073153490380655
Tai-Yay,1.8185449753604739
Kra-Dai,4.148643958300596
Kam-Tai,2.688002332394042
Tai-Yay,1.6499922869640766
Kra-Dai,3.3112375696682865
Kam-Tai,3.3112375696682865
Tai-Yay,1.666980859895509
Kra-Dai,4.072200914536799
Kam-Tai,4.072200914536799
Tai-Yay,2.2662878611604973
Kra-Dai,5.097571540948903
Kam-Tai,3.733963874641455
Tai-Yay,2.361688130703909
Kra-Dai,3.1409001877176146
Kam-Tai,2.184194763585757
Tai-Yay,1.4566271813471723
Kra-Dai,4.306350168854873
Kam-Tai,2.994893213442373
Tai-Yay,2.248859072904327
Kra-Dai,4.004980820655325
Kam-Tai,2.83131325780926
Tai-Yay,1.7406563636428491
Kra-Dai,4.392074023802857
Kam-Tai,2.432657701814567
Tai-Yay,1.8793144304078284
Kra-Dai,4.919500358430797
Kam-Tai,4.919500358430797
Tai-Yay,2.414296493495541
Kra-Dai,3.8111158427163128
Kam-Tai,2.15260225983456
Tai-Yay,1.4589001759803377
Kra-Dai,7.672777760980129
Kam-Tai,3.6076143021864615
Tai-Yay,2.289424817292173
Kra-Dai,4.455988453210627
Kam-Tai,2.3484725815806557
Tai-Yay,1.9029771900475403
Kra-Dai,3.9150663484214867
Kam-Tai,3.095522987856525
Tai-Yay,2.03295986861591
Kra-Dai,6.777215929950401
Kam-Tai,4.040765470356668
Tai-Yay,2.4764466857999867
Kra-Dai,8.997628136678118
Kam-Tai,4.859030989732292
Tai-Yay,2.3029142021918005
Kra-Dai,5.910414497346948
Kam-Tai,3.049572743754191
Tai-Yay,1.691345866286226
Kra-Dai,4.174317852270414
Kam-Tai,2.591152044961735
Tai-Yay,1.5837672334380306
Kra-Dai,5.4456674232094
Kam-Tai,2.290070370523829
Tai-Yay,1.4208235018816033
Kra-Dai,5.407576312742274
Kam-Tai,2.6857290060570636
Tai-Yay,1.7009526912683328
Kra-Dai,6.288048683950417
Kam-Tai,2.0036159247940466
Tai-Yay,1.7385529161197981
Kra-Dai,4.991041305635931
Kam-Tai,3.005059407730096
Tai-Yay,1.6925954851408505
Kra-Dai,5.992397062151955
Kam-Tai,2.6113160387846874
Tai-Yay,2.2196522939446894
Kra-Dai,4.192408796199184
Kam-Tai,2.418473025334496
Tai-Yay,1.6604834070034116
Kra-Dai,4.352542712276725
Kam-Tai,1.9999381773138438
Tai-Yay,1.5134355585440433
Kra-Dai,3.610656093869144
Kam-Tai,2.247388241680798
Tai-Yay,1.6146492257225926
Kra-Dai,4.002899529775443
Kam-Tai,3.2525971474305946
Tai-Yay,1.9217293502585653
Kra-Dai,5.759847532557522
Kam-Tai,2.7918197117733596
Tai-Yay,1.8089539281284637
Kra-Dai,5.432471130168883
Kam-Tai,2.3725382612597126
Tai-Yay,1.6998799768594148
Kra-Dai,4.765665895627233
Kam-Tai,3.1063348133910176
Tai-Yay,2.1406272193544704
Kra-Dai,4.41792443319029
Kam-Tai,2.551915400431574
Tai-Yay,1.9144386443580697
Kra-Dai,5.613717653588071
Kam-Tai,3.866292558873611
Tai-Yay,2.459345529972079
Kra-Dai,4.2923341551883345
Kam-Tai,3.8694434483832674
Tai-Yay,1.6461927156333749
Kra-Dai,3.3512279447607347
Kam-Tai,2.326581839043992
Tai-Yay,1.6731168466131139
Kra-Dai,3.6175102960201726
Kam-Tai,2.660555879919354
Tai-Yay,1.9211399411782901
Kra-Dai,7.476961422155413
Kam-Tai,4.26256096847633
Tai-Yay,2.203476825119391
Kra-Dai,4.160291693254329
Kam-Tai,3.3071009995347413
Tai-Yay,1.9332721112666418
Kra-Dai,4.463449684133843
Kam-Tai,3.2923273568138987
Tai-Yay,2.200630634323506
Kra-Dai,3.1571648919851807
Kam-Tai,2.430291702283476
Tai-Yay,1.9367646405842778
Kra-Dai,3.6163969276602717
Kam-Tai,2.6522820803120184
Tai-Yay,1.9525591152104669
Kra-Dai,3.375975313345014
Kam-Tai,3.208040765758058
Tai-Yay,1.6270776336719717
Kra-Dai,4.470713518818613
Kam-Tai,2.67665152626717
Tai-Yay,1.4711645170597505
Kra-Dai,4.669409605806948
Kam-Tai,2.8000941065661564
Tai-Yay,1.6604391860977579
Kra-Dai,6.191193071174316
Kam-Tai,2.7025402109833956
Tai-Yay,2.1806564456012003
Kra-Dai,5.084132986523578
Kam-Tai,3.103085264871597
Tai-Yay,1.706480985970968
Kra-Dai,5.851617363153532
Kam-Tai,2.0950895469928432
Tai-Yay,1.6470962235973436
Kra-Dai,5.6178738068311285
Kam-Tai,4.027150277055492
Tai-Yay,2.375632117941449
Kra-Dai,5.785644034499663
Kam-Tai,2.860191302553818
Tai-Yay,1.6545431362430225
Kra-Dai,8.28988386844045
Kam-Tai,3.98200415704304
Tai-Yay,2.5027774104998892
Kra-Dai,5.3751211288549925
Kam-Tai,2.613678383502234
Tai-Yay,1.7376937380153805
Kra-Dai,6.101563088135676
Kam-Tai,2.7986725440799014
Tai-Yay,1.6237617270815772
Kra-Dai,7.75026818655545
Kam-Tai,3.08170178430154
Tai-Yay,1.5174376298946815
Kra-Dai,6.33539357210224
Kam-Tai,3.778363134017849
Tai-Yay,1.8303830990278964
Kra-Dai,4.38218933877717
Kam-Tai,2.5137133950805173
Tai-Yay,1.6631586034009542
Kra-Dai,5.059278325080387
Kam-Tai,3.705352932134207
Tai-Yay,1.9910847689171645
Kra-Dai,4.369857331419519
Kam-Tai,2.9832093324197375
Tai-Yay,1.8373370673668612
Kra-Dai,5.190936817868216
Kam-Tai,3.1462023824445273
Tai-Yay,2.1564343163744883
Kra-Dai,5.15621679528194
Kam-Tai,3.445597075872135
Tai-Yay,2.2121648407342733
Kra-Dai,4.598157069063388
Kam-Tai,2.1863051662564588
Tai-Yay,1.534388790772785
Kra-Dai,4.277933170141301
Kam-Tai,3.24670266545946
Tai-Yay,1.9701666195644978
Kra-Dai,3.5272430573508653
Kam-Tai,2.177122996359393
Tai-Yay,1.503610592637739
Kra-Dai,3.464686051821414
Kam-Tai,2.0950323858881545
Tai-Yay,1.7665159195949922
Kra-Dai,5.369427262492098
Kam-Tai,2.4338431705336534
Tai-Yay,1.9050953144435758
Kra-Dai,5.2109650741788
Kam-Tai,3.151252464715588
Tai-Yay,2.0841941577571093
Kra-Dai,4.664903908290599
Kam-Tai,2.679303644911793
Tai-Yay,2.0826812468993663
Kra-Dai,5.048532159464422
Kam-Tai,2.178229784390471
Tai-Yay,1.8761488702309355
Kra-Dai,4.836102383541927
Kam-Tai,2.960362266626241
Tai-Yay,1.4437253493911797
Kra-Dai,5.234806147246258
Kam-Tai,2.230082385619796
Tai-Yay,1.6556352716476677
Kra-Dai,4.942939756338052
Kam-Tai,2.4444458744870383
Tai-Yay,1.6366966338678814
Kra-Dai,4.659252930572135
Kam-Tai,4.659252930572135
Tai-Yay,1.623527855773518
Kra-Dai,3.5210773873299486
Kam-Tai,2.5718481058608837
Tai-Yay,1.8191985598598235
Kra-Dai,3.9281238270645145
Kam-Tai,2.38788904377691
Tai-Yay,1.9304313628807994
Kra-Dai,4.856486081924647
Kam-Tai,3.222447330217877
Tai-Yay,2.051773736645122
Kra-Dai,5.387793965292627
Kam-Tai,2.736111267853622
Tai-Yay,2.0203424846802864
Kra-Dai,4.498925804132466
Kam-Tai,2.8758390016962005
Tai-Yay,2.1450830322553127
Kra-Dai,7.3698704444430785
Kam-Tai,3.5324989865603054
Tai-Yay,2.0215470172100662
Kra-Dai,6.206697359324095
Kam-Tai,2.860806268179719
Tai-Yay,1.9295175114582577
Kra-Dai,4.9848023126817065
Kam-Tai,2.131020262803506
Tai-Yay,1.6804243733510162
Kra-Dai,8.675725309482754
Kam-Tai,4.115315741668878
Tai-Yay,2.3066187211035256
Kra-Dai,7.184211948329082
Kam-Tai,2.73009703890522
Tai-Yay,1.4977940089459443
Kra-Dai,8.68281156490252
Kam-Tai,3.2606410783983346
Tai-Yay,2.668836377793247
Kra-Dai,5.847433668845486
Kam-Tai,3.7511138801846338
Tai-Yay,2.4191880052334804
Kra-Dai,6.8443872984815455
Kam-Tai,2.5896834925116172
Tai-Yay,1.622357794643829
Kra-Dai,3.7350333334094525
Kam-Tai,2.2359120889252044
Tai-Yay,1.5689340770810825
Kra-Dai,4.44655375497577
Kam-Tai,3.172174514346734
Tai-Yay,1.9886018126725533
Kra-Dai,2.834515836665128
Kam-Tai,1.8594295393034186
Tai-Yay,1.5703935151226116
Kra-Dai,3.7795434379406663
Kam-Tai,2.8694136486954736
Tai-Yay,2.1001658614500327
Kra-Dai,5.523087802166633
Kam-Tai,2.5468664437497814
Tai-Yay,1.7058763978662927
Kra-Dai,5.93622178844083
Kam-Tai,4.875501577234218
Tai-Yay,2.93999865157853
Kra-Dai,5.342767559491023
Kam-Tai,3.12205385640664
Tai-Yay,1.8084979596616897
Kra-Dai,7.449610419181142
Kam-Tai,2.849745711602398
Tai-Yay,1.8558438299053384
Kra-Dai,4.5717102994483945
Kam-Tai,2.617973076347514
Tai-Yay,1.828923554439529
Kra-Dai,3.892172457739993
Kam-Tai,2.660525513729549
Tai-Yay,2.1075247585129713
Kra-Dai,3.732960254837993
Kam-Tai,2.0742287597461435
Tai-Yay,1.634341132034693
Kra-Dai,4.628579645923842
Kam-Tai,2.643259082189472
Tai-Yay,1.8621145527385483
Kra-Dai,7.082122812768405
Kam-Tai,2.676924773623562
Tai-Yay,1.7130841865484783
Kra-Dai,6.818555806081026
Kam-Tai,3.4633537689747693
Tai-Yay,1.889390022444993
Kra-Dai,6.757688246217591
Kam-Tai,2.494187935177913
Tai-Yay,1.9861532948055212
Kra-Dai,6.888781818575709
Kam-Tai,2.456515372254196
Tai-Yay,1.5861478903265782
Kra-Dai,4.634682705710695
Kam-Tai,2.330917124613569
Tai-Yay,2.004751038446292
Kra-Dai,4.560724746011425
Kam-Tai,2.5709725728517476
Tai-Yay,2.225811933023339
Kra-Dai,5.474139979874594
Kam-Tai,2.638030390308847
Tai-Yay,1.5887005839072201
Kra-Dai,4.0760141529276215
Kam-Tai,1.8943485995318365
Tai-Yay,1.581151619986267
Kra-Dai,6.5045184637115945
Kam-Tai,2.2314033108011078
Tai-Yay,1.5492108372566866
Kra-Dai,6.999856377709993
Kam-Tai,3.6632472353220913
Tai-Yay,1.7678005414126519
Kra-Dai,5.274841190325903
Kam-Tai,2.467836467064857
Tai-Yay,1.7278760518587193
Kra-Dai,4.313430405067356
Kam-Tai,3.189769081608641
Tai-Yay,2.216434196461321
Kra-Dai,6.248688429375687
Kam-Tai,2.22956129969433
Tai-Yay,1.5275459136821663
Kra-Dai,6.627251918322939
Kam-Tai,3.838562170960374
Tai-Yay,2.358233021485182
Kra-Dai,4.429050996953805
Kam-Tai,3.1142707601155877
Tai-Yay,2.374766898623269
Kra-Dai,3.7218786046892043
Kam-Tai,2.3691983798939
Tai-Yay,1.9661634284700469
Kra-Dai,5.952275569613961
Kam-Tai,2.3485613683328785
Tai-Yay,1.7813005182707338
Kra-Dai,7.419121063344529
Kam-Tai,2.425813188163132
Tai-Yay,2.0274107588230867
Kra-Dai,7.6906658459996775
Kam-Tai,3.0047027563208095
Tai-Yay,1.842197021290314
Kra-Dai,5.658992944045572
Kam-Tai,2.5783963777494736
Tai-Yay,1.8765857268306156
Kra-Dai,6.379558846513628
Kam-Tai,2.431035865676241
Tai-Yay,2.003050913976729
Kra-Dai,5.513908799795129
Kam-Tai,3.514448509890065
Tai-Yay,2.6094383232756
Kra-Dai,5.685025828032912
Kam-Tai,2.1480889283370797
Tai-Yay,1.6584648091159249
Kra-Dai,6.552178648261749
Kam-Tai,3.150122683556992
Tai-Yay,2.0493966704078472
Kra-Dai,5.118474083663629
Kam-Tai,3.8926854860472355
Tai-Yay,2.322608276968218
Kra-Dai,4.54372800249368
Kam-Tai,2.409754275377578
Tai-Yay,1.742580540033789
Kra-Dai,6.064371382385465
Kam-Tai,3.5744972253406897
Tai-Yay,2.568789994119597
Kra-Dai,5.122365175015822
Kam-Tai,2.903667198004082
Tai-Yay,2.119379507336619
Kra-Dai,7.417403993787265
Kam-Tai,3.364062371828264
Tai-Yay,2.5806788176494218
Kra-Dai,6.570115355776425
Kam-Tai,2.408929212468915
Tai-Yay,1.6217723863128102
Kra-Dai,4.806673746712113
Kam-Tai,2.9275951011395525
Tai-Yay,1.6964112939097
Kra-Dai,8.349707913086252
Kam-Tai,2.634277516766651
Tai-Yay,1.8121633086728721
Kra-Dai,5.84215587367691
Kam-Tai,2.4750018762674486
Tai-Yay,1.8276572436730802
Kra-Dai,5.29575466328187
Kam-Tai,2.354492587490283
Tai-Yay,2.031827634010263
Kra-Dai,6.093366102959289
Kam-Tai,2.7625511862072702
Tai-Yay,1.8482511681144045
Kra-Dai,3.848965245845567
Kam-Tai,2.3069084162522007
Tai-Yay,1.792493957921291
Kra-Dai,3.578409076611301
Kam-Tai,1.8666101234784764
Tai-Yay,1.4458144399075779
Kra-Dai,6.8920113620202175
Kam-Tai,3.4262111170337306
Tai-Yay,2.1573302015016766
Kra-Dai,7.443395354583023
Kam-Tai,4.098033942958847
Tai-Yay,2.5232407295043124
Kra-Dai,3.3486624716385482
Kam-Tai,2.2237889475911943
Tai-Yay,1.748063967264696
Kra-Dai,5.251428132354774
Kam-Tai,2.3451479194329297
Tai-Yay,1.6730941651145246
Kra-Dai,4.779352047903104
Kam-Tai,2.423821354448067
Tai-Yay,1.716806414468249
Kra-Dai,4.493330332420844
Kam-Tai,2.621831818339285
Tai-Yay,1.8428952291472447
Kra-Dai,6.614835929012606
Kam-Tai,3.2407495776809667
Tai-Yay,1.6647566007585182
Kra-Dai,5.977147906428575
Kam-Tai,3.2645962074250754
Tai-Yay,2.2803566473834307
Kra-Dai,6.248448208377087
Kam-Tai,3.884430088342778
Tai-Yay,2.1657159687382235
Kra-Dai,5.854820336213729
Kam-Tai,3.130345802456473
Tai-Yay,2.2581292658300587
Kra-Dai,4.0865806744493325
Kam-Tai,2.066475233317408
Tai-Yay,1.867419450367227
Kra-Dai,4.4083908834612275
Kam-Tai,2.1805974908424055
Tai-Yay,1.507410517358677
Kra-Dai,3.5258562102724955
Kam-Tai,2.3378931036218913
Tai-Yay,1.470511018692028
Kra-Dai,5.394317642370112
Kam-Tai,2.3368341332277422
Tai-Yay,1.6878454805716396
Kra-Dai,7.392585870622406
Kam-Tai,3.778746759886796
Tai-Yay,1.587716389479497
Kra-Dai,7.050563029405473
Kam-Tai,4.301983735883312
Tai-Yay,1.917480161940504
Kra-Dai,6.9277178111711875
Kam-Tai,4.271741785301414
Tai-Yay,2.093783633224299
Kra-Dai,4.929980155316071
Kam-Tai,2.753509651822064
Tai-Yay,2.1674961823219396
Kra-Dai,6.390169706344213
Kam-Tai,6.390169706344213
Tai-Yay,2.1909396765491893
Kra-Dai,5.854489943617951
Kam-Tai,4.024724861695716
Tai-Yay,2.387998337667989
Kra-Dai,7.598005621500876
Kam-Tai,3.0417392269442836
Tai-Yay,1.6840777274780345
Kra-Dai,3.905925949807482
Kam-Tai,3.2728597317387957
Tai-Yay,1.7926390855030445
Kra-Dai,3.0915466420710316
Kam-Tai,1.9770760486518115
Tai-Yay,1.4786516251192163
Kra-Dai,4.652591084814257
Kam-Tai,3.6066343413293818
Tai-Yay,2.123276661367978
Kra-Dai,5.103424806936219
Kam-Tai,2.9573894518034183
Tai-Yay,2.1473583955261106
Kra-Dai,4.237509478161145
Kam-Tai,1.7587410006914053
Tai-Yay,1.5866831898381335
Kra-Dai,3.526402387391692
Kam-Tai,2.364351259419289
Tai-Yay,1.6677974502406778
Kra-Dai,4.3516345269483185
Kam-Tai,2.501724190800891
Tai-Yay,1.780838267334337
Kra-Dai,3.915162831341008
Kam-Tai,2.9737606764460547
Tai-Yay,2.2110479858227214
Kra-Dai,8.267333475973546
Kam-Tai,5.696818531189643
Tai-Yay,1.9595576755798128
Kra-Dai,2.5469764232966323
Kam-Tai,2.0235229690446923
Tai-Yay,1.3995051026778556
Kra-Dai,4.727727270749751
Kam-Tai,2.7864815818683084
Tai-Yay,1.7439877681780969
Kra-Dai,5.120868780013647
Kam-Tai,2.891014451071058
Tai-Yay,1.8360125427172864
Kra-Dai,9.747055566375405
Kam-Tai,2.921559035655097
Tai-Yay,2.123669566382624
Kra-Dai,4.887359518612457
Kam-Tai,3.508277656500384
Tai-Yay,1.949220573804916
Kra-Dai,5.623104611964445
Kam-Tai,3.1791820869905054
Tai-Yay,1.9756162947892637
Kra-Dai,3.304187257869202
Kam-Tai,2.5964139503773445
Tai-Yay,1.9563874998898216
Kra-Dai,4.538041594826563
Kam-Tai,2.108403083327096
Tai-Yay,1.450427546891543
Kra-Dai,4.144643473367081
Kam-Tai,2.6700486634941236
Tai-Yay,1.8139863098372366
Kra-Dai,4.97433600470892
Kam-Tai,2.754129911346492
Tai-Yay,1.6614210646500425
Kra-Dai,6.736167873671203
Kam-Tai,4.455693920151865
Tai-Yay,2.1763907852295645
Kra-Dai,5.347112044204472
Kam-Tai,3.08901016193614
Tai-Yay,2.079872445110881
Kra-Dai,6.023024325649488
Kam-Tai,2.4164367977427927
Tai-Yay,1.9687772684309248
Kra-Dai,4.65948531498623
Kam-Tai,2.7175931758519964
Tai-Yay,2.012737937454553
Kra-Dai,4.1851442688637475
Kam-Tai,2.282911685419701
Tai-Yay,1.6997167870922056
Kra-Dai,5.652990844916575
Kam-Tai,3.157499487246088
Tai-Yay,1.9793360192997076
Kra-Dai,3.8846060160328872
Kam-Tai,2.5304351880396205
Tai-Yay,1.8593659469253474
Kra-Dai,5.284820509654629
Kam-Tai,3.250535180089163
Tai-Yay,1.8550759031822848
Kra-Dai,6.003732930812262
Kam-Tai,3.414294629735455
Tai-Yay,2.033303204743933
Kra-Dai,4.886110126670482
Kam-Tai,2.938094160434122
Tai-Yay,2.121900564345914
Kra-Dai,5.349229345861009
Kam-Tai,2.6007661482533324
Tai-Yay,1.8914700110142846
Kra-Dai,3.556853406225037
Kam-Tai,2.15049155424254
Tai-Yay,1.6813593583027509
Kra-Dai,5.527411923641639
Kam-Tai,2.892629224438987
Tai-Yay,1.6981746441469387
Kra-Dai,5.495537041034127
Kam-Tai,2.267193481589655
Tai-Yay,1.543944008066645
Kra-Dai,7.437867966435623
Kam-Tai,4.018807903821343
Tai-Yay,2.4128682144494755
Kra-Dai,5.1290077804486804
Kam-Tai,2.68091418644916
Tai-Yay,2.2348079238972858
